Algorithm: Betweenness Centrality
Vertex Centrality
0 0.00
1 2.00
2 44.14
3 19992.00
4 19994.00
5 20070.27
6 39972.00
7 39973.99
8 40081.41
9 59940.00
10 59941.98
11 60078.54
12 79896.00
13 79897.98
14 80062.18
15 99840.00
16 99841.97
17 100032.61
18 119772.00
19 119773.95
20 119990.05
21 139692.00
22 139693.94
23 139934.62
24 159600.00
25 159601.92
26 159866.45
27 179496.00
28 179497.91
29 179785.61
30 199380.00
31 199381.89
32 199692.17
33 219252.00
34 219253.87
35 219586.19
36 239112.00
37 239113.84
38 239467.71
39 258960.00
40 258961.82
41 259336.76
42 278796.00
43 278797.79
44 279193.39
45 298620.00
46 298621.76
47 299037.61
48 318432.00
49 318433.73
50 318869.46
51 338232.00
52 338233.70
53 338688.96
54 358020.00
55 358021.67
56 358496.13
57 377796.00
58 377797.63
59 378290.97
60 397560.00
61 397561.60
62 398073.52
63 417312.00
64 417313.56
65 417843.79
66 437052.00
67 437053.52
68 437601.78
69 456780.00
70 456781.47
71 457347.51
72 476496.00
73 476497.43
74 477080.99
75 496200.00
76 496201.38
77 496802.22
78 515892.00
79 515893.33
80 516511.23
81 535572.00
82 535573.28
83 536208.02
84 555240.00
85 555241.23
86 555892.59
87 574896.00
88 574897.18
89 575564.96
90 594540.00
91 594541.12
92 595225.12
93 614172.00
94 614173.07
95 614873.09
96 633792.00
97 633793.01
98 634508.88
99 653400.00
100 653400.95
101 654132.48
102 672996.00
103 672996.88
104 673743.91
105 692580.00
106 692580.82
107 693343.16
108 712152.00
109 712152.75
110 712930.25
111 731712.00
112 731712.68
113 732505.17
114 751260.00
115 751260.61
116 752067.94
117 770796.00
118 770796.54
119 771618.56
120 790320.00
121 790320.47
122 791157.02
123 809832.00
124 809832.39
125 810683.34
126 829332.00
127 829332.32
128 830197.51
129 848820.00
130 848820.24
131 849699.55
132 868296.00
133 868296.16
134 869189.45
135 887760.00
136 887760.07
137 888667.21
138 907212.00
139 907211.99
140 908132.85
141 926652.00
142 926651.90
143 927586.35
144 946080.00
145 946079.81
146 947027.74
147 965496.00
148 965495.72
149 966457.00
150 984900.00
151 984899.63
152 985874.14
153 1004292.00
154 1004291.54
155 1005279.16
156 1023672.00
157 1023671.44
158 1024672.07
159 1043040.00
160 1043039.35
161 1044052.86
162 1062396.00
163 1062395.25
164 1063421.54
165 1081740.00
166 1081739.15
167 1082778.12
168 1101072.00
169 1101071.04
170 1102122.58
171 1120392.00
172 1120390.94
173 1121454.94
174 1139700.00
175 1139698.83
176 1140775.20
177 1158996.00
178 1158994.72
179 1160083.36
180 1178280.00
181 1178278.61
182 1179379.41
183 1197552.00
184 1197550.50
185 1198663.37
186 1216812.00
187 1216810.39
188 1217935.23
189 1236060.00
190 1236058.27
191 1237195.00
192 1255296.00
193 1255294.15
194 1256442.67
195 1274520.00
196 1274518.03
197 1275678.25
198 1293732.00
199 1293729.91
200 1294901.74
201 1312932.00
202 1312929.79
203 1314113.14
204 1332120.00
205 1332117.67
206 1333312.45
207 1351296.00
208 1351293.54
209 1352499.67
210 1370460.00
211 1370457.41
212 1371674.81
213 1389612.00
214 1389609.28
215 1390837.86
216 1408752.00
217 1408749.15
218 1409988.83
219 1427880.00
220 1427877.01
221 1429127.72
222 1446996.00
223 1446992.88
224 1448254.53
225 1466100.00
226 1466096.74
227 1467369.25
228 1485192.00
229 1485188.60
230 1486471.90
231 1504272.00
232 1504268.46
233 1505562.47
234 1523340.00
235 1523336.32
236 1524640.97
237 1542396.00
238 1542392.17
239 1543707.38
240 1561440.00
241 1561436.02
242 1562761.73
243 1580472.00
244 1580467.87
245 1581803.99
246 1599492.00
247 1599487.72
248 1600834.19
249 1618500.00
250 1618495.57
251 1619852.31
252 1637496.00
253 1637491.42
254 1638858.36
255 1656480.00
256 1656475.26
257 1657852.34
258 1675452.00
259 1675447.10
260 1676834.25
261 1694412.00
262 1694406.94
263 1695804.10
264 1713360.00
265 1713354.78
266 1714761.87
267 1732296.00
268 1732290.62
269 1733707.58
270 1751220.00
271 1751214.45
272 1752641.22
273 1770132.00
274 1770126.29
275 1771562.79
276 1789032.00
277 1789026.12
278 1790472.30
279 1807920.00
280 1807913.95
281 1809369.74
282 1826796.00
283 1826789.77
284 1828255.12
285 1845660.00
286 1845653.60
287 1847128.44
288 1864512.00
289 1864505.42
290 1865989.69
291 1883352.00
292 1883345.24
293 1884838.89
294 1902180.00
295 1902173.06
296 1903676.02
297 1920996.00
298 1920988.88
299 1922501.09
300 1939800.00
301 1939792.70
302 1941314.10
303 1958592.00
304 1958584.51
305 1960115.05
306 1977372.00
307 1977364.32
308 1978903.94
309 1996140.00
310 1996132.13
311 1997680.78
312 2014896.00
313 2014887.94
314 2016445.56
315 2033640.00
316 2033631.75
317 2035198.28
318 2052372.00
319 2052363.55
320 2053938.94
321 2071092.00
322 2071083.36
323 2072667.55
324 2089800.00
325 2089791.16
326 2091384.10
327 2108496.00
328 2108486.96
329 2110088.59
330 2127180.00
331 2127170.75
332 2128781.03
333 2145852.00
334 2145842.55
335 2147461.42
336 2164512.00
337 2164502.34
338 2166129.76
339 2183160.00
340 2183150.14
341 2184786.04
342 2201796.00
343 2201785.93
344 2203430.27
345 2220420.00
346 2220409.71
347 2222062.44
348 2239032.00
349 2239021.50
350 2240682.57
351 2257632.00
352 2257621.29
353 2259290.64
354 2276220.00
355 2276209.07
356 2277886.66
357 2294796.00
358 2294784.85
359 2296470.63
360 2313360.00
361 2313348.63
362 2315042.56
363 2331912.00
364 2331900.40
365 2333602.43
366 2350452.00
367 2350440.18
368 2352150.25
369 2368980.00
370 2368967.95
371 2370686.03
372 2387496.00
373 2387483.72
374 2389209.75
375 2406000.00
376 2405987.49
377 2407721.43
378 2424492.00
379 2424479.26
380 2426221.06
381 2442972.00
382 2442959.03
383 2444708.64
384 2461440.00
385 2461426.79
386 2463184.18
387 2479896.00
388 2479882.55
389 2481647.67
390 2498340.00
391 2498326.31
392 2500099.11
393 2516772.00
394 2516758.07
395 2518538.51
396 2535192.00
397 2535177.83
398 2536965.86
399 2553600.00
400 2553585.58
401 2555381.17
402 2571996.00
403 2571981.33
404 2573784.43
405 2590380.00
406 2590365.09
407 2592175.65
408 2608752.00
409 2608736.83
410 2610554.83
411 2627112.00
412 2627096.58
413 2628921.96
414 2645460.00
415 2645444.33
416 2647277.04
417 2663796.00
418 2663780.07
419 2665620.09
420 2682120.00
421 2682103.81
422 2683951.09
423 2700432.00
424 2700415.55
425 2702270.04
426 2718732.00
427 2718715.29
428 2720576.96
429 2737020.00
430 2737003.02
431 2738871.83
432 2755296.00
433 2755278.76
434 2757154.67
435 2773560.00
436 2773542.49
437 2775425.46
438 2791812.00
439 2791794.22
440 2793684.21
441 2810052.00
442 2810033.95
443 2811930.92
444 2828280.00
445 2828261.67
446 2830165.58
447 2846496.00
448 2846477.40
449 2848388.21
450 2864700.00
451 2864681.12
452 2866598.80
453 2882892.00
454 2882872.84
455 2884797.35
456 2901072.00
457 2901052.56
458 2902983.86
459 2919240.00
460 2919220.28
461 2921158.33
462 2937396.00
463 2937375.99
464 2939320.76
465 2955540.00
466 2955519.71
467 2957471.15
468 2973672.00
469 2973651.42
470 2975609.50
471 2991792.00
472 2991771.13
473 2993735.82
474 3009900.00
475 3009878.83
476 3011850.10
477 3027996.00
478 3027974.54
479 3029952.34
480 3046080.00
481 3046058.24
482 3048042.54
483 3064152.00
484 3064129.94
485 3066120.70
486 3082212.00
487 3082189.64
488 3084186.83
489 3100260.00
490 3100237.34
491 3102240.92
492 3118296.00
493 3118273.04
494 3120282.98
495 3136320.00
496 3136296.73
497 3138312.99
498 3154332.00
499 3154308.43
500 3156330.98
501 3172332.00
502 3172308.12
503 3174336.92
504 3190320.00
505 3190295.80
506 3192330.83
507 3208296.00
508 3208271.49
509 3210312.71
510 3226260.00
511 3226235.18
512 3228282.55
513 3244212.00
514 3244186.86
515 3246240.35
516 3262152.00
517 3262126.54
518 3264186.12
519 3280080.00
520 3280054.22
521 3282119.85
522 3297996.00
523 3297969.90
524 3300041.55
525 3315900.00
526 3315873.57
527 3317951.22
528 3333792.00
529 3333765.24
530 3335848.85
531 3351672.00
532 3351644.92
533 3353734.45
534 3369540.00
535 3369512.58
536 3371608.01
537 3387396.00
538 3387368.25
539 3389469.55
540 3405240.00
541 3405211.92
542 3407319.04
543 3423072.00
544 3423043.58
545 3425156.51
546 3440892.00
547 3440863.24
548 3442981.94
549 3458700.00
550 3458670.90
551 3460795.34
552 3476496.00
553 3476466.56
554 3478596.70
555 3494280.00
556 3494250.22
557 3496386.04
558 3512052.00
559 3512021.87
560 3514163.34
561 3529812.00
562 3529781.53
563 3531928.61
564 3547560.00
565 3547529.18
566 3549681.84
567 3565296.00
568 3565264.82
569 3567423.05
570 3583020.00
571 3582988.47
572 3585152.22
573 3600732.00
574 3600700.12
575 3602869.37
576 3618432.00
577 3618399.76
578 3620574.48
579 3636120.00
580 3636087.40
581 3638267.56
582 3653796.00
583 3653763.04
584 3655948.61
585 3671460.00
586 3671426.68
587 3673617.63
588 3689112.00
589 3689078.31
590 3691274.61
591 3706752.00
592 3706717.94
593 3708919.57
594 3724380.00
595 3724345.58
596 3726552.50
597 3741996.00
598 3741961.21
599 3744173.40
600 3759600.00
601 3759564.83
602 3761782.26
603 3777192.00
604 3777156.46
605 3779379.10
606 3794772.00
607 3794736.08
608 3796963.91
609 3812340.00
610 3812303.70
611 3814536.68
612 3829896.00
613 3829859.32
614 3832097.43
615 3847440.00
616 3847402.94
617 3849646.15
618 3864972.00
619 3864934.56
620 3867182.84
621 3882492.00
622 3882454.17
623 3884707.50
624 3900000.00
625 3899961.78
626 3902220.14
627 3917496.00
628 3917457.39
629 3919720.74
630 3934980.00
631 3934941.00
632 3937209.31
633 3952452.00
634 3952412.61
635 3954685.86
636 3969912.00
637 3969872.21
638 3972150.38
639 3987360.00
640 3987319.82
641 3989602.87
642 4004796.00
643 4004755.42
644 4007043.33
645 4022220.00
646 4022179.02
647 4024471.77
648 4039632.00
649 4039590.61
650 4041888.17
651 4057032.00
652 4056990.21
653 4059292.55
654 4074420.00
655 4074377.80
656 4076684.90
657 4091796.00
658 4091753.39
659 4094065.22
660 4109160.00
661 4109116.98
662 4111433.52
663 4126512.00
664 4126468.57
665 4128789.79
666 4143852.00
667 4143808.15
668 4146134.03
669 4161180.00
670 4161135.74
671 4163466.25
672 4178496.00
673 4178451.32
674 4180786.44
675 4195800.00
676 4195754.90
677 4198094.60
678 4213092.00
679 4213046.48
680 4215390.73
681 4230372.00
682 4230326.05
683 4232674.84
684 4247640.00
685 4247593.62
686 4249946.93
687 4264896.00
688 4264849.20
689 4267206.98
690 4282140.00
691 4282092.77
692 4284455.01
693 4299372.00
694 4299324.33
695 4301691.02
696 4316592.00
697 4316543.90
698 4318915.00
699 4333800.00
700 4333751.46
701 4336126.95
702 4350996.00
703 4350947.03
704 4353326.88
705 4368180.00
706 4368130.59
707 4370514.78
708 4385352.00
709 4385302.14
710 4387690.65
711 4402512.00
712 4402461.70
713 4404854.50
714 4419660.00
715 4419609.26
716 4422006.33
717 4436796.00
718 4436744.81
719 4439146.13
720 4453920.00
721 4453868.36
722 4456273.91
723 4471032.00
724 4470979.91
725 4473389.66
726 4488132.00
727 4488079.45
728 4490493.38
729 4505220.00
730 4505167.00
731 4507585.08
732 4522296.00
733 4522242.54
734 4524664.76
735 4539360.00
736 4539306.08
737 4541732.41
738 4556412.00
739 4556357.62
740 4558788.04
741 4573452.00
742 4573397.16
743 4575831.64
744 4590480.00
745 4590424.69
746 4592863.22
747 4607496.00
748 4607440.23
749 4609882.78
750 4624500.00
751 4624443.76
752 4626890.31
753 4641492.00
754 4641435.29
755 4643885.82
756 4658472.00
757 4658414.81
758 4660869.30
759 4675440.00
760 4675382.34
761 4677840.76
762 4692396.00
763 4692337.86
764 4694800.20
765 4709340.00
766 4709281.38
767 4711747.61
768 4726272.00
769 4726212.90
770 4728683.00
771 4743192.00
772 4743132.42
773 4745606.36
774 4760100.00
775 4760039.93
776 4762517.71
777 4776996.00
778 4776935.45
779 4779417.02
780 4793880.00
781 4793818.96
782 4796304.32
783 4810752.00
784 4810690.47
785 4813179.59
786 4827612.00
787 4827549.98
788 4830042.84
789 4844460.00
790 4844397.48
791 4846894.07
792 4861296.00
793 4861232.99
794 4863733.28
795 4878120.00
796 4878056.49
797 4880560.46
798 4894932.00
799 4894867.99
800 4897375.62
801 4911732.00
802 4911667.49
803 4914178.76
804 4928520.00
805 4928454.98
806 4930969.87
807 4945296.00
808 4945230.48
809 4947748.96
810 4962060.00
811 4961993.97
812 4964516.03
813 4978812.00
814 4978745.46
815 4981271.08
816 4995552.00
817 4995484.95
818 4998014.11
819 5012280.00
820 5012212.43
821 5014745.11
822 5028996.00
823 5028927.92
824 5031464.09
825 5045700.00
826 5045631.40
827 5048171.05
828 5062392.00
829 5062322.88
830 5064865.99
831 5079072.00
832 5079002.36
833 5081548.91
834 5095740.00
835 5095669.83
836 5098219.80
837 5112396.00
838 5112325.31
839 5114878.68
840 5129040.00
841 5128968.78
842 5131525.53
843 5145672.00
844 5145600.25
845 5148160.36
846 5162292.00
847 5162219.72
848 5164783.17
849 5178900.00
850 5178827.19
851 5181393.96
852 5195496.00
853 5195422.65
854 5197992.73
855 5212080.00
856 5212006.11
857 5214579.47
858 5228652.00
859 5228577.57
860 5231154.20
861 5245212.00
862 5245137.03
863 5247716.90
864 5261760.00
865 5261684.49
866 5264267.59
867 5278296.00
868 5278219.94
869 5280806.25
870 5294820.00
871 5294743.40
872 5297332.89
873 5311332.00
874 5311254.85
875 5313847.51
876 5327832.00
877 5327754.30
878 5330350.12
879 5344320.00
880 5344241.74
881 5346840.70
882 5360796.00
883 5360717.19
884 5363319.26
885 5377260.00
886 5377180.63
887 5379785.80
888 5393712.00
889 5393632.07
890 5396240.32
891 5410152.00
892 5410071.51
893 5412682.82
894 5426580.00
895 5426498.95
896 5429113.29
897 5442996.00
898 5442914.38
899 5445531.75
900 5459400.00
901 5459317.81
902 5461938.19
903 5475792.00
904 5475709.25
905 5478332.61
906 5492172.00
907 5492088.67
908 5494715.01
909 5508540.00
910 5508456.10
911 5511085.39
912 5524896.00
913 5524811.53
914 5527443.75
915 5541240.00
916 5541154.95
917 5543790.09
918 5557572.00
919 5557486.37
920 5560124.41
921 5573892.00
922 5573805.79
923 5576446.71
924 5590200.00
925 5590113.21
926 5592756.99
927 5606496.00
928 5606408.62
929 5609055.26
930 5622780.00
931 5622692.04
932 5625341.50
933 5639052.00
934 5638963.45
935 5641615.72
936 5655312.00
937 5655222.86
938 5657877.93
939 5671560.00
940 5671470.26
941 5674128.11
942 5687796.00
943 5687705.67
944 5690366.28
945 5704020.00
946 5703929.07
947 5706592.42
948 5720232.00
949 5720140.47
950 5722806.55
951 5736432.00
952 5736339.87
953 5739008.66
954 5752620.00
955 5752527.27
956 5755198.75
957 5768796.00
958 5768702.66
959 5771376.82
960 5784960.00
961 5784866.06
962 5787542.88
963 5801112.00
964 5801017.45
965 5803696.91
966 5817252.00
967 5817156.84
968 5819838.92
969 5833380.00
970 5833284.23
971 5835968.92
972 5849496.00
973 5849399.61
974 5852086.90
975 5865600.00
976 5865502.99
977 5868192.86
978 5881692.00
979 5881594.38
980 5884286.80
981 5897772.00
982 5897673.75
983 5900368.72
984 5913840.00
985 5913741.13
986 5916438.63
987 5929896.00
988 5929796.51
989 5932496.51
990 5945940.00
991 5945839.88
992 5948542.38
993 5961972.00
994 5961871.25
995 5964576.23
996 5977992.00
997 5977890.62
998 5980598.06
999 5994000.00
1000 5993897.99
1001 5996607.88
1002 6009996.00
1003 6009893.35
1004 6012605.67
1005 6025980.00
1006 6025876.72
1007 6028591.45
1008 6041952.00
1009 6041848.08
1010 6044565.21
1011 6057912.00
1012 6057807.44
1013 6060526.96
1014 6073860.00
1015 6073754.80
1016 6076476.68
1017 6089796.00
1018 6089690.15
1019 6092414.39
1020 6105720.00
1021 6105613.50
1022 6108340.08
1023 6121632.00
1024 6121524.86
1025 6124253.75
1026 6137532.00
1027 6137424.20
1028 6140155.40
1029 6153420.00
1030 6153311.55
1031 6156045.04
1032 6169296.00
1033 6169186.90
1034 6171922.66
1035 6185160.00
1036 6185050.24
1037 6187788.26
1038 6201012.00
1039 6200901.58
1040 6203641.85
1041 6216852.00
1042 6216740.92
1043 6219483.41
1044 6232680.00
1045 6232568.26
1046 6235312.96
1047 6248496.00
1048 6248383.59
1049 6251130.50
1050 6264300.00
1051 6264186.93
1052 6266936.01
1053 6280092.00
1054 6279978.26
1055 6282729.51
1056 6295872.00
1057 6295757.59
1058 6298510.99
1059 6311640.00
1060 6311524.91
1061 6314280.46
1062 6327396.00
1063 6327280.24
1064 6330037.90
1065 6343140.00
1066 6343023.56
1067 6345783.33
1068 6358872.00
1069 6358754.88
1070 6361516.75
1071 6374592.00
1072 6374474.20
1073 6377238.15
1074 6390300.00
1075 6390181.52
1076 6392947.53
1077 6405996.00
1078 6405876.84
1079 6408644.89
1080 6421680.00
1081 6421560.15
1082 6424330.24
1083 6437352.00
1084 6437231.46
1085 6440003.57
1086 6453012.00
1087 6452890.77
1088 6455664.88
1089 6468660.00
1090 6468538.08
1091 6471314.18
1092 6484296.00
1093 6484173.38
1094 6486951.46
1095 6499920.00
1096 6499796.68
1097 6502576.72
1098 6515532.00
1099 6515407.98
1100 6518189.97
1101 6531132.00
1102 6531007.28
1103 6533791.20
1104 6546720.00
1105 6546594.58
1106 6549380.42
1107 6562296.00
1108 6562169.88
1109 6564957.62
1110 6577860.00
1111 6577733.17
1112 6580522.80
1113 6593412.00
1114 6593284.46
1115 6596075.97
1116 6608952.00
1117 6608823.75
1118 6611617.12
1119 6624480.00
1120 6624351.04
1121 6627146.25
1122 6639996.00
1123 6639866.32
1124 6642663.37
1125 6655500.00
1126 6655369.60
1127 6658168.47
1128 6670992.00
1129 6670860.88
1130 6673661.56
1131 6686472.00
1132 6686340.16
1133 6689142.63
1134 6701940.00
1135 6701807.44
1136 6704611.68
1137 6717396.00
1138 6717262.71
1139 6720068.72
1140 6732840.00
1141 6732705.99
1142 6735513.74
1143 6748272.00
1144 6748137.26
1145 6750946.75
1146 6763692.00
1147 6763556.53
1148 6766367.74
1149 6779100.00
1150 6778963.79
1151 6781776.72
1152 6794496.00
1153 6794359.06
1154 6797173.68
1155 6809880.00
1156 6809742.32
1157 6812558.62
1158 6825252.00
1159 6825113.58
1160 6827931.55
1161 6840612.00
1162 6840472.84
1163 6843292.47
1164 6855960.00
1165 6855820.09
1166 6858641.36
1167 6871296.00
1168 6871155.35
1169 6873978.25
1170 6886620.00
1171 6886478.60
1172 6889303.11
1173 6901932.00
1174 6901789.85
1175 6904615.97
1176 6917232.00
1177 6917089.10
1178 6919916.80
1179 6932520.00
1180 6932376.34
1181 6935205.62
1182 6947796.00
1183 6947651.59
1184 6950482.43
1185 6963060.00
1186 6962914.83
1187 6965747.22
1188 6978312.00
1189 6978166.07
1190 6981000.00
1191 6993552.00
1192 6993405.31
1193 6996240.76
1194 7008780.00
1195 7008632.54
1196 7011469.50
1197 7023996.00
1198 7023847.78
1199 7026686.23
1200 7039200.00
1201 7039051.01
1202 7041890.95
1203 7054392.00
1204 7054242.24
1205 7057083.65
1206 7069572.00
1207 7069421.47
1208 7072264.34
1209 7084740.00
1210 7084588.69
1211 7087433.01
1212 7099896.00
1213 7099743.92
1214 7102589.66
1215 7115040.00
1216 7114887.14
1217 7117734.30
1218 7130172.00
1219 7130018.36
1220 7132866.93
1221 7145292.00
1222 7145137.58
1223 7147987.54
1224 7160400.00
1225 7160244.79
1226 7163096.14
1227 7175496.00
1228 7175340.00
1229 7178192.72
1230 7190580.00
1231 7190423.22
1232 7193277.29
1233 7205652.00
1234 7205494.43
1235 7208349.84
1236 7220712.00
1237 7220553.63
1238 7223410.38
1239 7235760.00
1240 7235600.84
1241 7238458.90
1242 7250796.00
1243 7250636.04
1244 7253495.41
1245 7265820.00
1246 7265659.24
1247 7268519.91
1248 7280832.00
1249 7280670.44
1250 7283532.39
1251 7295832.00
1252 7295669.64
1253 7298532.85
1254 7310820.00
1255 7310656.83
1256 7313521.31
1257 7325796.00
1258 7325632.03
1259 7328497.74
1260 7340760.00
1261 7340595.22
1262 7343462.17
1263 7355712.00
1264 7355546.41
1265 7358414.58
1266 7370652.00
1267 7370485.59
1268 7373354.97
1269 7385580.00
1270 7385412.78
1271 7388283.35
1272 7400496.00
1273 7400327.96
1274 7403199.72
1275 7415400.00
1276 7415231.14
1277 7418104.07
1278 7430292.00
1279 7430122.32
1280 7432996.41
1281 7445172.00
1282 7445001.49
1283 7447876.73
1284 7460040.00
1285 7459868.67
1286 7462745.04
1287 7474896.00
1288 7474723.84
1289 7477601.34
1290 7489740.00
1291 7489567.01
1292 7492445.62
1293 7504572.00
1294 7504398.18
1295 7507277.89
1296 7519392.00
1297 7519217.35
1298 7522098.14
1299 7534200.00
1300 7534024.51
1301 7536906.38
1302 7548996.00
1303 7548819.67
1304 7551702.61
1305 7563780.00
1306 7563602.83
1307 7566486.82
1308 7578552.00
1309 7578373.99
1310 7581259.02
1311 7593312.00
1312 7593133.14
1313 7596019.21
1314 7608060.00
1315 7607880.30
1316 7610767.38
1317 7622796.00
1318 7622615.45
1319 7625503.54
1320 7637520.00
1321 7637338.60
1322 7640227.68
1323 7652232.00
1324 7652049.75
1325 7654939.81
1326 7666932.00
1327 7666748.89
1328 7669639.93
1329 7681620.00
1330 7681436.04
1331 7684328.03
1332 7696296.00
1333 7696111.18
1334 7699004.12
1335 7710960.00
1336 7710774.32
1337 7713668.20
1338 7725612.00
1339 7725425.45
1340 7728320.26
1341 7740252.00
1342 7740064.59
1343 7742960.31
1344 7754880.00
1345 7754691.72
1346 7757588.35
1347 7769496.00
1348 7769306.85
1349 7772204.37
1350 7784100.00
1351 7783909.98
1352 7786808.38
1353 7798692.00
1354 7798501.11
1355 7801400.38
1356 7813272.00
1357 7813080.23
1358 7815980.36
1359 7827840.00
1360 7827647.35
1361 7830548.33
1362 7842396.00
1363 7842202.47
1364 7845104.29
1365 7856940.00
1366 7856745.59
1367 7859648.23
1368 7871472.00
1369 7871276.71
1370 7874180.16
1371 7885992.00
1372 7885795.82
1373 7888700.08
1374 7900500.00
1375 7900302.93
1376 7903207.98
1377 7914996.00
1378 7914798.04
1379 7917703.88
1380 7929480.00
1381 7929281.15
1382 7932187.75
1383 7943952.00
1384 7943752.26
1385 7946659.62
1386 7958412.00
1387 7958211.36
1388 7961119.47
1389 7972860.00
1390 7972658.46
1391 7975567.31
1392 7987296.00
1393 7987093.56
1394 7990003.14
1395 8001720.00
1396 8001516.66
1397 8004426.95
1398 8016132.00
1399 8015927.76
1400 8018838.75
1401 8030532.00
1402 8030326.85
1403 8033238.54
1404 8044920.00
1405 8044713.94
1406 8047626.31
1407 8059296.00
1408 8059089.03
1409 8062002.07
1410 8073660.00
1411 8073452.12
1412 8076365.82
1413 8088012.00
1414 8087803.20
1415 8090717.56
1416 8102352.00
1417 8102142.28
1418 8105057.28
1419 8116680.00
1420 8116469.36
1421 8119384.99
1422 8130996.00
1423 8130784.44
1424 8133700.69
1425 8145300.00
1426 8145087.52
1427 8148004.38
1428 8159592.00
1429 8159378.59
1430 8162296.05
1431 8173872.00
1432 8173657.67
1433 8176575.71
1434 8188140.00
1435 8187924.74
1436 8190843.36
1437 8202396.00
1438 8202179.80
1439 8205098.99
1440 8216640.00
1441 8216422.87
1442 8219342.62
1443 8230872.00
1444 8230653.93
1445 8233574.23
1446 8245092.00
1447 8244873.00
1448 8247793.83
1449 8259300.00
1450 8259080.05
1451 8262001.41
1452 8273496.00
1453 8273275.11
1454 8276196.98
1455 8287680.00
1456 8287458.17
1457 8290380.54
1458 8301852.00
1459 8301629.22
1460 8304552.09
1461 8316012.00
1462 8315788.27
1463 8318711.63
1464 8330160.00
1465 8329935.32
1466 8332859.15
1467 8344296.00
1468 8344070.37
1469 8346994.66
1470 8358420.00
1471 8358193.41
1472 8361118.16
1473 8372532.00
1474 8372304.46
1475 8375229.65
1476 8386632.00
1477 8386403.50
1478 8389329.13
1479 8400720.00
1480 8400490.54
1481 8403416.59
1482 8414796.00
1483 8414565.57
1484 8417492.04
1485 8428860.00
1486 8428628.61
1487 8431555.48
1488 8442912.00
1489 8442679.64
1490 8445606.90
1491 8456952.00
1492 8456718.67
1493 8459646.32
1494 8470980.00
1495 8470745.70
1496 8473673.72
1497 8484996.00
1498 8484760.72
1499 8487689.11
1500 8499000.00
1501 8498763.75
1502 8501692.49
1503 8512992.00
1504 8512754.77
1505 8515683.86
1506 8526972.00
1507 8526733.79
1508 8529663.21
1509 8540940.00
1510 8540700.80
1511 8543630.55
1512 8554896.00
1513 8554655.82
1514 8557585.88
1515 8568840.00
1516 8568598.83
1517 8571529.20
1518 8582772.00
1519 8582529.84
1520 8585460.51
1521 8596692.00
1522 8596448.85
1523 8599379.80
1524 8610600.00
1525 8610355.86
1526 8613287.09
1527 8624496.00
1528 8624250.86
1529 8627182.36
1530 8638380.00
1531 8638133.87
1532 8641065.62
1533 8652252.00
1534 8652004.87
1535 8654936.86
1536 8666112.00
1537 8665863.87
1538 8668796.10
1539 8679960.00
1540 8679710.86
1541 8682643.32
1542 8693796.00
1543 8693545.86
1544 8696478.54
1545 8707620.00
1546 8707368.85
1547 8710301.74
1548 8721432.00
1549 8721179.84
1550 8724112.93
1551 8735232.00
1552 8734978.82
1553 8737912.11
1554 8749020.00
1555 8748765.81
1556 8751699.27
1557 8762796.00
1558 8762540.79
1559 8765474.43
1560 8776560.00
1561 8776303.77
1562 8779237.57
1563 8790312.00
1564 8790054.75
1565 8792988.70
1566 8804052.00
1567 8803793.73
1568 8806727.82
1569 8817780.00
1570 8817520.71
1571 8820454.93
1572 8831496.00
1573 8831235.68
1574 8834170.03
1575 8845200.00
1576 8844938.65
1577 8847873.11
1578 8858892.00
1579 8858629.62
1580 8861564.19
1581 8872572.00
1582 8872308.58
1583 8875243.25
1584 8886240.00
1585 8885975.55
1586 8888910.30
1587 8899896.00
1588 8899630.51
1589 8902565.34
1590 8913540.00
1591 8913273.47
1592 8916208.37
1593 8927172.00
1594 8926904.43
1595 8929839.39
1596 8940792.00
1597 8940523.38
1598 8943458.40
1599 8954400.00
1600 8954130.34
1601 8957065.39
1602 8967996.00
1603 8967725.29
1604 8970660.37
1605 8981580.00
1606 8981308.24
1607 8984243.35
1608 8995152.00
1609 8994879.18
1610 8997814.31
1611 9008712.00
1612 9008438.13
1613 9011373.26
1614 9022260.00
1615 9021985.07
1616 9024920.20
1617 9035796.00
1618 9035520.01
1619 9038455.13
1620 9049320.00
1621 9049042.95
1622 9051978.04
1623 9062832.00
1624 9062553.89
1625 9065488.95
1626 9076332.00
1627 9076052.82
1628 9078987.84
1629 9089820.00
1630 9089539.75
1631 9092474.73
1632 9103296.00
1633 9103014.68
1634 9105949.60
1635 9116760.00
1636 9116477.61
1637 9119412.46
1638 9130212.00
1639 9129928.54
1640 9132863.31
1641 9143652.00
1642 9143367.46
1643 9146302.15
1644 9157080.00
1645 9156794.38
1646 9159728.98
1647 9170496.00
1648 9170209.30
1649 9173143.80
1650 9183900.00
1651 9183612.22
1652 9186546.61
1653 9197292.00
1654 9197003.13
1655 9199937.40
1656 9210672.00
1657 9210382.04
1658 9213316.19
1659 9224040.00
1660 9223748.95
1661 9226682.96
1662 9237396.00
1663 9237103.86
1664 9240037.72
1665 9250740.00
1666 9250446.77
1667 9253380.48
1668 9264072.00
1669 9263777.67
1670 9266711.22
1671 9277392.00
1672 9277096.57
1673 9280029.95
1674 9290700.00
1675 9290403.47
1676 9293336.67
1677 9303996.00
1678 9303698.37
1679 9306631.38
1680 9317280.00
1681 9316981.27
1682 9319914.08
1683 9330552.00
1684 9330252.16
1685 9333184.77
1686 9343812.00
1687 9343511.05
1688 9346443.44
1689 9357060.00
1690 9356757.94
1691 9359690.11
1692 9370296.00
1693 9369992.83
1694 9372924.77
1695 9383520.00
1696 9383215.71
1697 9386147.41
1698 9396732.00
1699 9396426.59
1700 9399358.05
1701 9409932.00
1702 9409625.47
1703 9412556.67
1704 9423120.00
1705 9422812.35
1706 9425743.29
1707 9436296.00
1708 9435987.23
1709 9438917.89
1710 9449460.00
1711 9449150.10
1712 9452080.48
1713 9462612.00
1714 9462300.97
1715 9465231.06
1716 9475752.00
1717 9475439.84
1718 9478369.64
1719 9488880.00
1720 9488566.71
1721 9491496.20
1722 9501996.00
1723 9501681.57
1724 9504610.75
1725 9515100.00
1726 9514784.44
1727 9517713.29
1728 9528192.00
1729 9527875.30
1730 9530803.82
1731 9541272.00
1732 9540954.16
1733 9543882.34
1734 9554340.00
1735 9554021.01
1736 9556948.85
1737 9567396.00
1738 9567075.87
1739 9570003.35
1740 9580440.00
1741 9580118.72
1742 9583045.84
1743 9593472.00
1744 9593149.57
1745 9596076.31
1746 9606492.00
1747 9606168.42
1748 9609094.78
1749 9619500.00
1750 9619175.26
1751 9622101.24
1752 9632496.00
1753 9632170.10
1754 9635095.69
1755 9645480.00
1756 9645152.94
1757 9648078.12
1758 9658452.00
1759 9658123.78
1760 9661048.55
1761 9671412.00
1762 9671082.62
1763 9674006.97
1764 9684360.00
1765 9684029.45
1766 9686953.37
1767 9697296.00
1768 9696964.29
1769 9699887.77
1770 9710220.00
1771 9709887.12
1772 9712810.16
1773 9723132.00
1774 9722797.95
1775 9725720.53
1776 9736032.00
1777 9735696.77
1778 9738618.90
1779 9748920.00
1780 9748583.59
1781 9751505.25
1782 9761796.00
1783 9761458.42
1784 9764379.60
1785 9774660.00
1786 9774321.23
1787 9777241.93
1788 9787512.00
1789 9787172.05
1790 9790092.26
1791 9800352.00
1792 9800010.87
1793 9802930.57
1794 9813180.00
1795 9812837.68
1796 9815756.88
1797 9825996.00
1798 9825652.49
1799 9828571.18
1800 9838800.00
1801 9838455.30
1802 9841373.46
1803 9851592.00
1804 9851246.10
1805 9854163.74
1806 9864372.00
1807 9864024.91
1808 9866942.00
1809 9877140.00
1810 9876791.71
1811 9879708.26
1812 9889896.00
1813 9889546.51
1814 9892462.50
1815 9902640.00
1816 9902289.31
1817 9905204.74
1818 9915372.00
1819 9915020.10
1820 9917934.96
1821 9928092.00
1822 9927738.89
1823 9930653.18
1824 9940800.00
1825 9940445.68
1826 9943359.38
1827 9953496.00
1828 9953140.47
1829 9956053.58
1830 9966180.00
1831 9965823.26
1832 9968735.77
1833 9978852.00
1834 9978494.04
1835 9981405.94
1836 9991512.00
1837 9991152.82
1838 9994064.11
1839 10004160.00
1840 10003799.60
1841 10006710.27
1842 10016796.00
1843 10016434.38
1844 10019344.41
1845 10029420.00
1846 10029057.16
1847 10031966.55
1848 10042032.00
1849 10041667.93
1850 10044576.68
1851 10054632.00
1852 10054266.70
1853 10057174.80
1854 10067220.00
1855 10066853.47
1856 10069760.90
1857 10079796.00
1858 10079428.23
1859 10082335.00
1860 10092360.00
1861 10091991.00
1862 10094897.09
1863 10104912.00
1864 10104541.76
1865 10107447.17
1866 10117452.00
1867 10117080.52
1868 10119985.24
1869 10129980.00
1870 10129607.28
1871 10132511.30
1872 10142496.00
1873 10142122.03
1874 10145025.35
1875 10155000.00
1876 10154624.79
1877 10157527.39
1878 10167492.00
1879 10167115.54
1880 10170017.42
1881 10179972.00
1882 10179594.29
1883 10182495.44
1884 10192440.00
1885 10192061.03
1886 10194961.45
1887 10204896.00
1888 10204515.78
1889 10207415.46
1890 10217340.00
1891 10216958.52
1892 10219857.45
1893 10229772.00
1894 10229389.26
1895 10232287.43
1896 10242192.00
1897 10241808.00
1898 10244705.41
1899 10254600.00
1900 10254214.73
1901 10257111.37
1902 10266996.00
1903 10266609.46
1904 10269505.33
1905 10279380.00
1906 10278992.19
1907 10281887.27
1908 10291752.00
1909 10291362.92
1910 10294257.21
1911 10304112.00
1912 10303721.65
1913 10306615.13
1914 10316460.00
1915 10316068.37
1916 10318961.05
1917 10328796.00
1918 10328403.10
1919 10331294.96
1920 10341120.00
1921 10340725.82
1922 10343616.86
1923 10353432.00
1924 10353036.53
1925 10355926.75
1926 10365732.00
1927 10365335.25
1928 10368224.63
1929 10378020.00
1930 10377621.96
1931 10380510.50
1932 10390296.00
1933 10389896.67
1934 10392784.36
1935 10402560.00
1936 10402159.38
1937 10405046.21
1938 10414812.00
1939 10414410.09
1940 10417296.05
1941 10427052.00
1942 10426648.79
1943 10429533.88
1944 10439280.00
1945 10438875.49
1946 10441759.71
1947 10451496.00
1948 10451090.19
1949 10453973.52
1950 10463700.00
1951 10463292.89
1952 10466175.33
1953 10475892.00
1954 10475483.58
1955 10478365.12
1956 10488072.00
1957 10487662.28
1958 10490542.91
1959 10500240.00
1960 10499828.97
1961 10502708.69
1962 10512396.00
1963 10511983.66
1964 10514862.46
1965 10524540.00
1966 10524126.34
1967 10527004.22
1968 10536672.00
1969 10536257.03
1970 10539133.97
1971 10548792.00
1972 10548375.71
1973 10551251.71
1974 10560900.00
1975 10560482.39
1976 10563357.44
1977 10572996.00
1978 10572577.07
1979 10575451.16
1980 10585080.00
1981 10584659.74
1982 10587532.88
1983 10597152.00
1984 10596730.41
1985 10599602.58
1986 10609212.00
1987 10608789.08
1988 10611660.28
1989 10621260.00
1990 10620835.75
1991 10623705.97
1992 10633296.00
1993 10632870.42
1994 10635739.64
1995 10645320.00
1996 10644893.08
1997 10647761.31
1998 10657332.00
1999 10656903.74
2000 10659770.97
2001 10669332.00
2002 10668902.40
2003 10671768.62
2004 10681320.00
2005 10680889.06
2006 10683754.26
2007 10693296.00
2008 10692863.71
2009 10695727.90
2010 10705260.00
2011 10704826.37
2012 10707689.52
2013 10717212.00
2014 10716777.02
2015 10719639.13
2016 10729152.00
2017 10728715.66
2018 10731576.74
2019 10741080.00
2020 10740642.31
2021 10743502.34
2022 10752996.00
2023 10752556.95
2024 10755415.93
2025 10764900.00
2026 10764459.60
2027 10767317.50
2028 10776792.00
2029 10776350.23
2030 10779207.07
2031 10788672.00
2032 10788228.87
2033 10791084.64
2034 10800540.00
2035 10800095.51
2036 10802950.19
2037 10812396.00
2038 10811950.14
2039 10814803.73
2040 10824240.00
2041 10823792.77
2042 10826645.27
2043 10836072.00
2044 10835623.40
2045 10838474.79
2046 10847892.00
2047 10847442.02
2048 10850292.31
2049 10859700.00
2050 10859248.64
2051 10862097.82
2052 10871496.00
2053 10871043.26
2054 10873891.32
2055 10883280.00
2056 10882825.88
2057 10885672.81
2058 10895052.00
2059 10894596.50
2060 10897442.29
2061 10906812.00
2062 10906355.11
2063 10909199.77
2064 10918560.00
2065 10918101.73
2066 10920945.23
2067 10930296.00
2068 10929836.34
2069 10932678.69
2070 10942020.00
2071 10941558.94
2072 10944400.13
2073 10953732.00
2074 10953269.55
2075 10956109.57
2076 10965432.00
2077 10964968.15
2078 10967807.00
2079 10977120.00
2080 10976654.75
2081 10979492.42
2082 10988796.00
2083 10988329.35
2084 10991165.84
2085 11000460.00
2086 10999991.94
2087 11002827.24
2088 11012112.00
2089 11011642.54
2090 11014476.64
2091 11023752.00
2092 11023281.13
2093 11026114.02
2094 11035380.00
2095 11034907.72
2096 11037739.40
2097 11046996.00
2098 11046522.31
2099 11049352.77
2100 11058600.00
2101 11058124.89
2102 11060954.13
2103 11070192.00
2104 11069715.47
2105 11072543.48
2106 11081772.00
2107 11081294.05
2108 11084120.83
2109 11093340.00
2110 11092860.63
2111 11095686.16
2112 11104896.00
2113 11104415.21
2114 11107239.49
2115 11116440.00
2116 11115957.78
2117 11118780.81
2118 11127972.00
2119 11127488.35
2120 11130310.12
2121 11139492.00
2122 11139006.92
2123 11141827.42
2124 11151000.00
2125 11150513.48
2126 11153332.71
2127 11162496.00
2128 11162008.05
2129 11164826.00
2130 11173980.00
2131 11173490.61
2132 11176307.27
2133 11185452.00
2134 11184961.17
2135 11187776.54
2136 11196912.00
2137 11196419.73
2138 11199233.80
2139 11208360.00
2140 11207866.28
2141 11210679.05
2142 11219796.00
2143 11219300.83
2144 11222112.29
2145 11231220.00
2146 11230723.38
2147 11233533.53
2148 11242632.00
2149 11242133.93
2150 11244942.75
2151 11254032.00
2152 11253532.48
2153 11256339.97
2154 11265420.00
2155 11264919.02
2156 11267725.18
2157 11276796.00
2158 11276293.56
2159 11279098.38
2160 11288160.00
2161 11287656.10
2162 11290459.57
2163 11299512.00
2164 11299006.64
2165 11301808.76
2166 11310852.00
2167 11310345.17
2168 11313145.93
2169 11322180.00
2170 11321671.70
2171 11324471.10
2172 11333496.00
2173 11332986.23
2174 11335784.26
2175 11344800.00
2176 11344288.76
2177 11347085.41
2178 11356092.00
2179 11355579.29
2180 11358374.55
2181 11367372.00
2182 11366857.81
2183 11369651.69
2184 11378640.00
2185 11378124.33
2186 11380916.81
2187 11389896.00
2188 11389378.85
2189 11392169.93
2190 11401140.00
2191 11400621.36
2192 11403411.04
2193 11412372.00
2194 11411851.88
2195 11414640.14
2196 11423592.00
2197 11423070.39
2198 11425857.23
2199 11434800.00
2200 11434276.90
2201 11437062.32
2202 11445996.00
2203 11445471.40
2204 11448255.39
2205 11457180.00
2206 11456653.91
2207 11459436.46
2208 11468352.00
2209 11467824.41
2210 11470605.52
2211 11479512.00
2212 11478982.91
2213 11481762.58
2214 11490660.00
2215 11490129.41
2216 11492907.62
2217 11501796.00
2218 11501263.90
2219 11504040.66
2220 11512920.00
2221 11512386.39
2222 11515161.68
2223 11524032.00
2224 11523496.88
2225 11526270.70
2226 11535132.00
2227 11534595.37
2228 11537367.72
2229 11546220.00
2230 11545681.86
2231 11548452.72
2232 11557296.00
2233 11556756.34
2234 11559525.72
2235 11568360.00
2236 11567818.82
2237 11570586.70
2238 11579412.00
2239 11578869.30
2240 11581635.68
2241 11590452.00
2242 11589907.78
2243 11592672.65
2244 11601480.00
2245 11600934.25
2246 11603697.62
2247 11612496.00
2248 11611948.72
2249 11614710.57
2250 11623500.00
2251 11622951.19
2252 11625711.52
2253 11634492.00
2254 11633941.66
2255 11636700.46
2256 11645472.00
2257 11644920.13
2258 11647677.39
2259 11656440.00
2260 11655886.59
2261 11658642.31
2262 11667396.00
2263 11666841.05
2264 11669595.23
2265 11678340.00
2266 11677783.51
2267 11680536.14
2268 11689272.00
2269 11688713.96
2270 11691465.04
2271 11700192.00
2272 11699632.42
2273 11702381.93
2274 11711100.00
2275 11710538.87
2276 11713286.81
2277 11721996.00
2278 11721433.32
2279 11724179.69
2280 11732880.00
2281 11732315.76
2282 11735060.56
2283 11743752.00
2284 11743186.21
2285 11745929.42
2286 11754612.00
2287 11754044.65
2288 11756786.27
2289 11765460.00
2290 11764891.09
2291 11767631.11
2292 11776296.00
2293 11775725.52
2294 11778463.95
2295 11787120.00
2296 11786547.96
2297 11789284.78
2298 11797932.00
2299 11797358.39
2300 11800093.60
2301 11808732.00
2302 11808156.82
2303 11810890.41
2304 11819520.00
2305 11818943.25
2306 11821675.22
2307 11830296.00
2308 11829717.67
2309 11832448.02
2310 11841060.00
2311 11840480.10
2312 11843208.80
2313 11851812.00
2314 11851230.52
2315 11853957.59
2316 11862552.00
2317 11861968.93
2318 11864694.36
2319 11873280.00
2320 11872695.35
2321 11875419.13
2322 11883996.00
2323 11883409.76
2324 11886131.89
2325 11894700.00
2326 11894112.18
2327 11896832.64
2328 11905392.00
2329 11904802.58
2330 11907521.38
2331 11916072.00
2332 11915480.99
2333 11918198.11
2334 11926740.00
2335 11926147.39
2336 11928862.84
2337 11937396.00
2338 11936801.80
2339 11939515.56
2340 11948040.00
2341 11947444.20
2342 11950156.27
2343 11958672.00
2344 11958074.59
2345 11960784.98
2346 11969292.00
2347 11968692.99
2348 11971401.68
2349 11979900.00
2350 11979299.38
2351 11982006.37
2352 11990496.00
2353 11989893.77
2354 11992599.05
2355 12001080.00
2356 12000476.16
2357 12003179.72
2358 12011652.00
2359 12011046.54
2360 12013748.39
2361 12022212.00
2362 12021604.93
2363 12024305.05
2364 12032760.00
2365 12032151.31
2366 12034849.70
2367 12043296.00
2368 12042685.69
2369 12045382.34
2370 12053820.00
2371 12053208.06
2372 12055902.98
2373 12064332.00
2374 12063718.43
2375 12066411.60
2376 12074832.00
2377 12074216.81
2378 12076908.23
2379 12085320.00
2380 12084703.17
2381 12087392.84
2382 12095796.00
2383 12095177.54
2384 12097865.44
2385 12106260.00
2386 12105639.91
2387 12108326.04
2388 12116712.00
2389 12116090.27
2390 12118774.63
2391 12127152.00
2392 12126528.63
2393 12129211.22
2394 12137580.00
2395 12136954.98
2396 12139635.79
2397 12147996.00
2398 12147369.34
2399 12150048.36
2400 12158400.00
2401 12157771.69
2402 12160448.92
2403 12168792.00
2404 12168162.04
2405 12170837.47
2406 12179172.00
2407 12178540.39
2408 12181214.02
2409 12189540.00
2410 12188906.73
2411 12191578.56
2412 12199896.00
2413 12199261.08
2414 12201931.09
2415 12210240.00
2416 12209603.42
2417 12212271.61
2418 12220572.00
2419 12219933.75
2420 12222600.13
2421 12230892.00
2422 12230252.09
2423 12232916.63
2424 12241200.00
2425 12240558.42
2426 12243221.13
2427 12251496.00
2428 12250852.75
2429 12253513.63
2430 12261780.00
2431 12261135.08
2432 12263794.11
2433 12272052.00
2434 12271405.41
2435 12274062.59
2436 12282312.00
2437 12281663.73
2438 12284319.06
2439 12292560.00
2440 12291910.05
2441 12294563.53
2442 12302796.00
2443 12302144.37
2444 12304795.98
2445 12313020.00
2446 12312366.69
2447 12315016.43
2448 12323232.00
2449 12322577.00
2450 12325224.87
2451 12333432.00
2452 12332775.32
2453 12335421.31
2454 12343620.00
2455 12342961.63
2456 12345605.74
2457 12353796.00
2458 12353135.93
2459 12355778.16
2460 12363960.00
2461 12363298.24
2462 12365938.57
2463 12374112.00
2464 12373448.54
2465 12376086.97
2466 12384252.00
2467 12383586.84
2468 12386223.37
2469 12394380.00
2470 12393713.14
2471 12396347.76
2472 12404496.00
2473 12403827.43
2474 12406460.14
2475 12414600.00
2476 12413929.72
2477 12416560.52
2478 12424692.00
2479 12424020.02
2480 12426648.89
2481 12434772.00
2482 12434098.30
2483 12436725.25
2484 12444840.00
2485 12444164.59
2486 12446789.60
2487 12454896.00
2488 12454218.87
2489 12456841.95
2490 12464940.00
2491 12464261.15
2492 12466882.29
2493 12474972.00
2494 12474291.43
2495 12476910.62
2496 12484992.00
2497 12484309.71
2498 12486926.95
2499 12495000.00
2500 12494315.98
2501 12496931.27
2502 12504996.00
2503 12504310.25
2504 12506923.58
2505 12514980.00
2506 12514292.52
2507 12516903.88
2508 12524952.00
2509 12524262.79
2510 12526872.18
2511 12534912.00
2512 12534221.05
2513 12536828.47
2514 12544860.00
2515 12544167.31
2516 12546772.75
2517 12554796.00
2518 12554101.57
2519 12556705.02
2520 12564720.00
2521 12564023.83
2522 12566625.29
2523 12574632.00
2524 12573934.08
2525 12576533.55
2526 12584532.00
2527 12583832.34
2528 12586429.81
2529 12594420.00
2530 12593718.58
2531 12596314.05
2532 12604296.00
2533 12603592.83
2534 12606186.29
2535 12614160.00
2536 12613455.08
2537 12616046.52
2538 12624012.00
2539 12623305.32
2540 12625894.75
2541 12633852.00
2542 12633143.56
2543 12635730.97
2544 12643680.00
2545 12642969.80
2546 12645555.18
2547 12653496.00
2548 12652784.03
2549 12655367.38
2550 12663300.00
2551 12662586.26
2552 12665167.58
2553 12673092.00
2554 12672376.49
2555 12674955.77
2556 12682872.00
2557 12682154.72
2558 12684731.95
2559 12692640.00
2560 12691920.95
2561 12694496.13
2562 12702396.00
2563 12701675.17
2564 12704248.30
2565 12712140.00
2566 12711417.39
2567 12713988.46
2568 12721872.00
2569 12721147.61
2570 12723716.61
2571 12731592.00
2572 12730865.83
2573 12733432.76
2574 12741300.00
2575 12740572.04
2576 12743136.90
2577 12750996.00
2578 12750266.25
2579 12752829.04
2580 12760680.00
2581 12759948.46
2582 12762509.16
2583 12770352.00
2584 12769618.66
2585 12772177.28
2586 12780012.00
2587 12779276.87
2588 12781833.40
2589 12789660.00
2590 12788923.07
2591 12791477.50
2592 12799296.00
2593 12798557.27
2594 12801109.60
2595 12808920.00
2596 12808179.46
2597 12810729.69
2598 12818532.00
2599 12817789.66
2600 12820337.78
2601 12828132.00
2602 12827387.85
2603 12829933.86
2604 12837720.00
2605 12836974.04
2606 12839517.93
2607 12847296.00
2608 12846548.22
2609 12849089.99
2610 12856860.00
2611 12856110.41
2612 12858650.05
2613 12866412.00
2614 12865660.59
2615 12868198.10
2616 12875952.00
2617 12875198.77
2618 12877734.14
2619 12885480.00
2620 12884724.95
2621 12887258.18
2622 12894996.00
2623 12894239.12
2624 12896770.21
2625 12904500.00
2626 12903741.29
2627 12906270.23
2628 12913992.00
2629 12913231.46
2630 12915758.25
2631 12923472.00
2632 12922709.63
2633 12925234.26
2634 12932940.00
2635 12932175.79
2636 12934698.26
2637 12942396.00
2638 12941629.96
2639 12944150.26
2640 12951840.00
2641 12951072.12
2642 12953590.25
2643 12961272.00
2644 12960502.27
2645 12963018.23
2646 12970692.00
2647 12969920.43
2648 12972434.20
2649 12980100.00
2650 12979326.58
2651 12981838.17
2652 12989496.00
2653 12988720.73
2654 12991230.13
2655 12998880.00
2656 12998102.88
2657 13000610.09
2658 13008252.00
2659 13007473.02
2660 13009978.04
2661 13017612.00
2662 13016831.17
2663 13019333.98
2664 13026960.00
2665 13026177.31
2666 13028677.91
2667 13036296.00
2668 13035511.44
2669 13038009.84
2670 13045620.00
2671 13044833.58
2672 13047329.76
2673 13054932.00
2674 13054143.71
2675 13056637.68
2676 13064232.00
2677 13063441.84
2678 13065933.58
2679 13073520.00
2680 13072727.97
2681 13075217.49
2682 13082796.00
2683 13082002.10
2684 13084489.38
2685 13092060.00
2686 13091264.22
2687 13093749.27
2688 13101312.00
2689 13100514.34
2690 13102997.15
2691 13110552.00
2692 13109752.46
2693 13112233.02
2694 13119780.00
2695 13118978.57
2696 13121456.89
2697 13128996.00
2698 13128192.69
2699 13130668.75
2700 13138200.00
2701 13137394.80
2702 13139868.60
2703 13147392.00
2704 13146584.90
2705 13149056.45
2706 13156572.00
2707 13155763.01
2708 13158232.29
2709 13165740.00
2710 13164929.11
2711 13167396.13
2712 13174896.00
2713 13174083.21
2714 13176547.95
2715 13184040.00
2716 13183225.31
2717 13185687.78
2718 13193172.00
2719 13192355.41
2720 13194815.59
2721 13202292.00
2722 13201473.50
2723 13203931.40
2724 13211400.00
2725 13210579.59
2726 13213035.20
2727 13220496.00
2728 13219673.68
2729 13222126.99
2730 13229580.00
2731 13228755.77
2732 13231206.78
2733 13238652.00
2734 13237825.85
2735 13240274.56
2736 13247712.00
2737 13246883.93
2738 13249330.34
2739 13256760.00
2740 13255930.01
2741 13258374.11
2742 13265796.00
2743 13264964.09
2744 13267405.87
2745 13274820.00
2746 13273986.16
2747 13276425.62
2748 13283832.00
2749 13282996.23
2750 13285433.37
2751 13292832.00
2752 13291994.30
2753 13294429.11
2754 13301820.00
2755 13300980.37
2756 13303412.85
2757 13310796.00
2758 13309954.43
2759 13312384.58
2760 13319760.00
2761 13318916.49
2762 13321344.30
2763 13328712.00
2764 13327866.55
2765 13330292.01
2766 13337652.00
2767 13336804.60
2768 13339227.72
2769 13346580.00
2770 13345730.66
2771 13348151.43
2772 13355496.00
2773 13354644.71
2774 13357063.12
2775 13364400.00
2776 13363546.76
2777 13365962.81
2778 13373292.00
2779 13372436.80
2780 13374850.50
2781 13382172.00
2782 13381314.85
2783 13383726.17
2784 13391040.00
2785 13390180.89
2786 13392589.84
2787 13399896.00
2788 13399034.93
2789 13401441.51
2790 13408740.00
2791 13407876.96
2792 13410281.17
2793 13417572.00
2794 13416707.00
2795 13419108.82
2796 13426392.00
2797 13425525.03
2798 13427924.46
2799 13435200.00
2800 13434331.06
2801 13436728.10
2802 13443996.00
2803 13443125.08
2804 13445519.73
2805 13452780.00
2806 13451907.11
2807 13454299.36
2808 13461552.00
2809 13460677.13
2810 13463066.98
2811 13470312.00
2812 13469435.15
2813 13471822.59
2814 13479060.00
2815 13478181.16
2816 13480566.19
2817 13487796.00
2818 13486915.18
2819 13489297.79
2820 13496520.00
2821 13495637.19
2822 13498017.39
2823 13505232.00
2824 13504347.20
2825 13506724.97
2826 13513932.00
2827 13513045.20
2828 13515420.56
2829 13522620.00
2830 13521731.21
2831 13524104.13
2832 13531296.00
2833 13530405.21
2834 13532775.70
2835 13539960.00
2836 13539067.21
2837 13541435.26
2838 13548612.00
2839 13547717.20
2840 13550082.81
2841 13557252.00
2842 13556355.20
2843 13558718.36
2844 13565880.00
2845 13564981.19
2846 13567341.91
2847 13574496.00
2848 13573595.18
2849 13575953.44
2850 13583100.00
2851 13582197.16
2852 13584552.97
2853 13591692.00
2854 13590787.15
2855 13593140.50
2856 13600272.00
2857 13599365.13
2858 13601716.01
2859 13608840.00
2860 13607931.11
2861 13610279.52
2862 13617396.00
2863 13616485.08
2864 13618831.03
2865 13625940.00
2866 13625027.06
2867 13627370.53
2868 13634472.00
2869 13633557.03
2870 13635898.02
2871 13642992.00
2872 13642075.00
2873 13644413.51
2874 13651500.00
2875 13650580.96
2876 13652916.98
2877 13659996.00
2878 13659074.92
2879 13661408.46
2880 13668480.00
2881 13667556.89
2882 13669887.93
2883 13676952.00
2884 13676026.84
2885 13678355.39
2886 13685412.00
2887 13684484.80
2888 13686810.84
2889 13693860.00
2890 13692930.75
2891 13695254.29
2892 13702296.00
2893 13701364.70
2894 13703685.73
2895 13710720.00
2896 13709786.65
2897 13712105.17
2898 13719132.00
2899 13718196.60
2900 13720512.60
2901 13727532.00
2902 13726594.54
2903 13728908.02
2904 13735920.00
2905 13734980.48
2906 13737291.44
2907 13744296.00
2908 13743354.42
2909 13745662.85
2910 13752660.00
2911 13751716.35
2912 13754022.25
2913 13761012.00
2914 13760066.29
2915 13762369.65
2916 13769352.00
2917 13768404.22
2918 13770705.05
2919 13777680.00
2920 13776730.15
2921 13779028.43
2922 13785996.00
2923 13785044.07
2924 13787339.81
2925 13794300.00
2926 13793345.99
2927 13795639.19
2928 13802592.00
2929 13801635.91
2930 13803926.56
2931 13810872.00
2932 13809913.83
2933 13812201.92
2934 13819140.00
2935 13818179.75
2936 13820465.27
2937 13827396.00
2938 13826433.66
2939 13828716.62
2940 13835640.00
2941 13834675.57
2942 13836955.97
2943 13843872.00
2944 13842905.48
2945 13845183.30
2946 13852092.00
2947 13851123.38
2948 13853398.63
2949 13860300.00
2950 13859329.29
2951 13861601.96
2952 13868496.00
2953 13867523.18
2954 13869793.28
2955 13876680.00
2956 13875705.08
2957 13877972.59
2958 13884852.00
2959 13883874.98
2960 13886139.90
2961 13893012.00
2962 13892032.87
2963 13894295.20
2964 13901160.00
2965 13900178.76
2966 13902438.49
2967 13909296.00
2968 13908312.65
2969 13910569.78
2970 13917420.00
2971 13916434.53
2972 13918689.07
2973 13925532.00
2974 13924544.41
2975 13926796.34
2976 13933632.00
2977 13932642.29
2978 13934891.61
2979 13941720.00
2980 13940728.17
2981 13942974.88
2982 13949796.00
2983 13948802.04
2984 13951046.14
2985 13957860.00
2986 13956863.91
2987 13959105.39
2988 13965912.00
2989 13964913.78
2990 13967152.63
2991 13973952.00
2992 13972951.65
2993 13975187.87
2994 13981980.00
2995 13980977.51
2996 13983211.11
2997 13989996.00
2998 13988991.38
2999 13991222.34
3000 13998000.00
3001 13996993.23
3002 13999221.56
3003 14005992.00
3004 14004983.09
3005 14007208.78
3006 14013972.00
3007 14012960.94
3008 14015183.99
3009 14021940.00
3010 14020926.80
3011 14023147.19
3012 14029896.00
3013 14028880.64
3014 14031098.39
3015 14037840.00
3016 14036822.49
3017 14039037.58
3018 14045772.00
3019 14044752.33
3020 14046964.77
3021 14053692.00
3022 14052670.17
3023 14054879.95
3024 14061600.00
3025 14060576.01
3026 14062783.12
3027 14069496.00
3028 14068469.85
3029 14070674.29
3030 14077380.00
3031 14076351.68
3032 14078553.45
3033 14085252.00
3034 14084221.51
3035 14086420.61
3036 14093112.00
3037 14092079.34
3038 14094275.76
3039 14100960.00
3040 14099925.17
3041 14102118.91
3042 14108796.00
3043 14107758.99
3044 14109950.05
3045 14116620.00
3046 14115580.81
3047 14117769.18
3048 14124432.00
3049 14123390.63
3050 14125576.31
3051 14132232.00
3052 14131188.44
3053 14133371.43
3054 14140020.00
3055 14138974.25
3056 14141154.54
3057 14147796.00
3058 14146748.06
3059 14148925.65
3060 14155560.00
3061 14154509.87
3062 14156684.76
3063 14163312.00
3064 14162259.68
3065 14164431.85
3066 14171052.00
3067 14169997.48
3068 14172166.94
3069 14178780.00
3070 14177723.28
3071 14179890.03
3072 14186496.00
3073 14185437.07
3074 14187601.11
3075 14194200.00
3076 14193138.87
3077 14195300.19
3078 14201892.00
3079 14200828.66
3080 14202987.25
3081 14209572.00
3082 14208506.45
3083 14210662.32
3084 14217240.00
3085 14216172.24
3086 14218325.37
3087 14224896.00
3088 14223826.02
3089 14225976.42
3090 14232540.00
3091 14231467.80
3092 14233615.47
3093 14240172.00
3094 14239097.58
3095 14241242.51
3096 14247792.00
3097 14246715.36
3098 14248857.54
3099 14255400.00
3100 14254321.13
3101 14256460.57
3102 14262996.00
3103 14261914.90
3104 14264051.59
3105 14270580.00
3106 14269496.67
3107 14271630.61
3108 14278152.00
3109 14277066.43
3110 14279197.62
3111 14285712.00
3112 14284624.20
3113 14286752.62
3114 14293260.00
3115 14292169.96
3116 14294295.62
3117 14300796.00
3118 14299703.71
3119 14301826.61
3120 14308320.00
3121 14307225.47
3122 14309345.60
3123 14315832.00
3124 14314735.22
3125 14316852.58
3126 14323332.00
3127 14322232.97
3128 14324347.56
3129 14330820.00
3130 14329718.72
3131 14331830.53
3132 14338296.00
3133 14337192.46
3134 14339301.49
3135 14345760.00
3136 14344654.21
3137 14346760.45
3138 14353212.00
3139 14352103.95
3140 14354207.40
3141 14360652.00
3142 14359541.68
3143 14361642.35
3144 14368080.00
3145 14366967.42
3146 14369065.29
3147 14375496.00
3148 14374381.15
3149 14376476.23
3150 14382900.00
3151 14381782.88
3152 14383875.16
3153 14390292.00
3154 14389172.60
3155 14391262.08
3156 14397672.00
3157 14396550.33
3158 14398637.00
3159 14405040.00
3160 14403916.05
3161 14405999.91
3162 14412396.00
3163 14411269.77
3164 14413350.82
3165 14419740.00
3166 14418611.48
3167 14420689.72
3168 14427072.00
3169 14425941.19
3170 14428016.61
3171 14434392.00
3172 14433258.91
3173 14435331.50
3174 14441700.00
3175 14440564.61
3176 14442634.39
3177 14448996.00
3178 14447858.32
3179 14449925.27
3180 14456280.00
3181 14455140.02
3182 14457204.14
3183 14463552.00
3184 14462409.72
3185 14464471.01
3186 14470812.00
3187 14469667.42
3188 14471725.87
3189 14478060.00
3190 14476913.11
3191 14478968.72
3192 14485296.00
3193 14484146.81
3194 14486199.57
3195 14492520.00
3196 14491368.49
3197 14493418.42
3198 14499732.00
3199 14498578.18
3200 14500625.26
3201 14506932.00
3202 14505775.87
3203 14507820.09
3204 14514120.00
3205 14512961.55
3206 14515002.92
3207 14521296.00
3208 14520135.23
3209 14522173.74
3210 14528460.00
3211 14527296.90
3212 14529332.56
3213 14535612.00
3214 14534446.58
3215 14536479.37
3216 14542752.00
3217 14541584.25
3218 14543614.18
3219 14549880.00
3220 14548709.91
3221 14550736.97
3222 14556996.00
3223 14555823.58
3224 14557847.77
3225 14564100.00
3226 14562925.24
3227 14564946.56
3228 14571192.00
3229 14570014.90
3230 14572033.34
3231 14578272.00
3232 14577092.56
3233 14579108.12
3234 14585340.00
3235 14584158.22
3236 14586170.89
3237 14592396.00
3238 14591211.87
3239 14593221.66
3240 14599440.00
3241 14598253.52
3242 14600260.42
3243 14606472.00
3244 14605283.16
3245 14607287.17
3246 14613492.00
3247 14612300.81
3248 14614301.92
3249 14620500.00
3250 14619306.45
3251 14621304.67
3252 14627496.00
3253 14626300.09
3254 14628295.40
3255 14634480.00
3256 14633281.72
3257 14635274.14
3258 14641452.00
3259 14640251.36
3260 14642240.87
3261 14648412.00
3262 14647208.99
3263 14649195.59
3264 14655360.00
3265 14654154.62
3266 14656138.30
3267 14662296.00
3268 14661088.24
3269 14663069.02
3270 14669220.00
3271 14668009.87
3272 14669987.72
3273 14676132.00
3274 14674919.49
3275 14676894.42
3276 14683032.00
3277 14681817.10
3278 14683789.12
3279 14689920.00
3280 14688702.72
3281 14690671.80
3282 14696796.00
3283 14695576.33
3284 14697542.49
3285 14703660.00
3286 14702437.94
3287 14704401.17
3288 14710512.00
3289 14709287.55
3290 14711247.84
3291 14717352.00
3292 14716125.15
3293 14718082.51
3294 14724180.00
3295 14722950.75
3296 14724905.17
3297 14730996.00
3298 14729764.35
3299 14731715.82
3300 14737800.00
3301 14736565.95
3302 14738514.47
3303 14744592.00
3304 14743355.54
3305 14745301.12
3306 14751372.00
3307 14750133.13
3308 14752075.76
3309 14758140.00
3310 14756898.72
3311 14758838.39
3312 14764896.00
3313 14763652.30
3314 14765589.02
3315 14771640.00
3316 14770393.89
3317 14772327.65
3318 14778372.00
3319 14777123.47
3320 14779054.26
3321 14785092.00
3322 14783841.04
3323 14785768.88
3324 14791800.00
3325 14790546.62
3326 14792471.48
3327 14798496.00
3328 14797240.19
3329 14799162.09
3330 14805180.00
3331 14803921.76
3332 14805840.68
3333 14811852.00
3334 14810591.33
3335 14812507.27
3336 14818512.00
3337 14817248.89
3338 14819161.86
3339 14825160.00
3340 14823894.45
3341 14825804.44
3342 14831796.00
3343 14830528.01
3344 14832435.01
3345 14838420.00
3346 14837149.57
3347 14839053.58
3348 14845032.00
3349 14843759.12
3350 14845660.15
3351 14851632.00
3352 14850356.67
3353 14852254.71
3354 14858220.00
3355 14856942.22
3356 14858837.26
3357 14864796.00
3358 14863515.76
3359 14865407.81
3360 14871360.00
3361 14870077.30
3362 14871966.35
3363 14877912.00
3364 14876626.84
3365 14878512.89
3366 14884452.00
3367 14883164.38
3368 14885047.42
3369 14890980.00
3370 14889689.91
3371 14891569.95
3372 14897496.00
3373 14896203.44
3374 14898080.47
3375 14904000.00
3376 14902704.97
3377 14904578.98
3378 14910492.00
3379 14909194.50
3380 14911065.50
3381 14916972.00
3382 14915672.02
3383 14917540.00
3384 14923440.00
3385 14922137.54
3386 14924002.50
3387 14929896.00
3388 14928591.06
3389 14930453.00
3390 14936340.00
3391 14935032.58
3392 14936891.48
3393 14942772.00
3394 14941462.09
3395 14943317.97
3396 14949192.00
3397 14947879.60
3398 14949732.45
3399 14955600.00
3400 14954285.10
3401 14956134.92
3402 14961996.00
3403 14960678.61
3404 14962525.39
3405 14968380.00
3406 14967060.11
3407 14968903.85
3408 14974752.00
3409 14973429.61
3410 14975270.31
3411 14981112.00
3412 14979787.10
3413 14981624.76
3414 14987460.00
3415 14986132.60
3416 14987967.21
3417 14993796.00
3418 14992466.09
3419 14994297.65
3420 15000120.00
3421 14998787.57
3422 15000616.09
3423 15006432.00
3424 15005097.06
3425 15006922.52
3426 15012732.00
3427 15011394.54
3428 15013216.94
3429 15019020.00
3430 15017680.02
3431 15019499.37
3432 15025296.00
3433 15023953.50
3434 15025769.78
3435 15031560.00
3436 15030214.97
3437 15032028.19
3438 15037812.00
3439 15036464.44
3440 15038274.60
3441 15044052.00
3442 15042701.91
3443 15044509.00
3444 15050280.00
3445 15048927.38
3446 15050731.39
3447 15056496.00
3448 15055140.84
3449 15056941.78
3450 15062700.00
3451 15061342.30
3452 15063140.16
3453 15068892.00
3454 15067531.76
3455 15069326.54
3456 15075072.00
3457 15073709.21
3458 15075500.92
3459 15081240.00
3460 15079874.66
3461 15081663.29
3462 15087396.00
3463 15086028.11
3464 15087813.65
3465 15093540.00
3466 15092169.56
3467 15093952.01
3468 15099672.00
3469 15098299.00
3470 15100078.36
3471 15105792.00
3472 15104416.45
3473 15106192.71
3474 15111900.00
3475 15110521.88
3476 15112295.05
3477 15117996.00
3478 15116615.32
3479 15118385.39
3480 15124080.00
3481 15122696.75
3482 15124463.72
3483 15130152.00
3484 15128766.18
3485 15130530.05
3486 15136212.00
3487 15134823.61
3488 15136584.37
3489 15142260.00
3490 15140869.03
3491 15142626.69
3492 15148296.00
3493 15146902.45
3494 15148657.00
3495 15154320.00
3496 15152923.87
3497 15154675.30
3498 15160332.00
3499 15158933.29
3500 15160681.60
3501 15166332.00
3502 15164930.70
3503 15166675.90
3504 15172320.00
3505 15170916.11
3506 15172658.19
3507 15178296.00
3508 15176889.52
3509 15178628.48
3510 15184260.00
3511 15182850.93
3512 15184586.76
3513 15190212.00
3514 15188800.33
3515 15190533.03
3516 15196152.00
3517 15194737.73
3518 15196467.30
3519 15202080.00
3520 15200663.12
3521 15202389.57
3522 15207996.00
3523 15206576.52
3524 15208299.83
3525 15213900.00
3526 15212477.91
3527 15214198.09
3528 15219792.00
3529 15218367.30
3530 15220084.34
3531 15225672.00
3532 15224244.68
3533 15225958.58
3534 15231540.00
3535 15230110.07
3536 15231820.82
3537 15237396.00
3538 15235963.45
3539 15237671.06
3540 15243240.00
3541 15241804.82
3542 15243509.29
3543 15249072.00
3544 15247634.20
3545 15249335.51
3546 15254892.00
3547 15253451.57
3548 15255149.73
3549 15260700.00
3550 15259256.94
3551 15260951.94
3552 15266496.00
3553 15265050.30
3554 15266742.15
3555 15272280.00
3556 15270831.67
3557 15272520.36
3558 15278052.00
3559 15276601.03
3560 15278286.56
3561 15283812.00
3562 15282358.39
3563 15284040.75
3564 15289560.00
3565 15288103.74
3566 15289782.94
3567 15295296.00
3568 15293837.09
3569 15295513.12
3570 15301020.00
3571 15299558.44
3572 15301231.30
3573 15306732.00
3574 15305267.79
3575 15306937.48
3576 15312432.00
3577 15310965.13
3578 15312631.65
3579 15318120.00
3580 15316650.47
3581 15318313.81
3582 15323796.00
3583 15322323.81
3584 15323983.97
3585 15329460.00
3586 15327985.15
3587 15329642.12
3588 15335112.00
3589 15333634.48
3590 15335288.27
3591 15340752.00
3592 15339271.81
3593 15340922.42
3594 15346380.00
3595 15344897.14
3596 15346544.56
3597 15351996.00
3598 15350510.46
3599 15352154.69
3600 15357600.00
3601 15356111.78
3602 15357752.82
3603 15363192.00
3604 15361701.10
3605 15363338.94
3606 15368772.00
3607 15367278.42
3608 15368913.06
3609 15374340.00
3610 15372843.73
3611 15374475.17
3612 15379896.00
3613 15378397.04
3614 15380025.28
3615 15385440.00
3616 15383938.35
3617 15385563.39
3618 15390972.00
3619 15389467.65
3620 15391089.49
3621 15396492.00
3622 15394984.95
3623 15396603.58
3624 15402000.00
3625 15400490.25
3626 15402105.67
3627 15407496.00
3628 15405983.55
3629 15407595.75
3630 15412980.00
3631 15411464.84
3632 15413073.83
3633 15418452.00
3634 15416934.13
3635 15418539.91
3636 15423912.00
3637 15422391.42
3638 15423993.98
3639 15429360.00
3640 15427836.70
3641 15429436.04
3642 15434796.00
3643 15433269.98
3644 15434866.10
3645 15440220.00
3646 15438691.26
3647 15440284.15
3648 15445632.00
3649 15444100.54
3650 15445690.20
3651 15451032.00
3652 15449497.81
3653 15451084.25
3654 15456420.00
3655 15454883.08
3656 15456466.29
3657 15461796.00
3658 15460256.35
3659 15461836.32
3660 15467160.00
3661 15465617.61
3662 15467194.35
3663 15472512.00
3664 15470966.88
3665 15472540.38
3666 15477852.00
3667 15476304.13
3668 15477874.40
3669 15483180.00
3670 15481629.39
3671 15483196.41
3672 15488496.00
3673 15486942.64
3674 15488506.42
3675 15493800.00
3676 15492243.89
3677 15493804.43
3678 15499092.00
3679 15497533.14
3680 15499090.43
3681 15504372.00
3682 15502810.39
3683 15504364.42
3684 15509640.00
3685 15508075.63
3686 15509626.41
3687 15514896.00
3688 15513328.87
3689 15514876.40
3690 15520140.00
3691 15518570.10
3692 15520114.38
3693 15525372.00
3694 15523799.34
3695 15525340.36
3696 15530592.00
3697 15529016.57
3698 15530554.33
3699 15535800.00
3700 15534221.80
3701 15535756.29
3702 15540996.00
3703 15539415.02
3704 15540946.26
3705 15546180.00
3706 15544596.24
3707 15546124.21
3708 15551352.00
3709 15549765.46
3710 15551290.16
3711 15556512.00
3712 15554922.68
3713 15556444.11
3714 15561660.00
3715 15560067.89
3716 15561586.05
3717 15566796.00
3718 15565201.10
3719 15566715.99
3720 15571920.00
3721 15570322.31
3722 15571833.92
3723 15577032.00
3724 15575431.52
3725 15576939.85
3726 15582132.00
3727 15580528.72
3728 15582033.77
3729 15587220.00
3730 15585613.92
3731 15587115.69
3732 15592296.00
3733 15590687.11
3734 15592185.60
3735 15597360.00
3736 15595748.31
3737 15597243.51
3738 15602412.00
3739 15600797.50
3740 15602289.41
3741 15607452.00
3742 15605834.68
3743 15607323.31
3744 15612480.00
3745 15610859.87
3746 15612345.21
3747 15617496.00
3748 15615873.05
3749 15617355.09
3750 15622500.00
3751 15620874.23
3752 15622352.98
3753 15627492.00
3754 15625863.41
3755 15627338.86
3756 15632472.00
3757 15630840.58
3758 15632312.73
3759 15637440.00
3760 15635805.75
3761 15637274.60
3762 15642396.00
3763 15640758.92
3764 15642224.47
3765 15647340.00
3766 15645700.08
3767 15647162.33
3768 15652272.00
3769 15650629.24
3770 15652088.18
3771 15657192.00
3772 15655546.40
3773 15657002.03
3774 15662100.00
3775 15660451.56
3776 15661903.88
3777 15666996.00
3778 15665344.71
3779 15666793.72
3780 15671880.00
3781 15670225.86
3782 15671671.56
3783 15676752.00
3784 15675095.01
3785 15676537.39
3786 15681612.00
3787 15679952.15
3788 15681391.21
3789 15686460.00
3790 15684797.29
3791 15686233.04
3792 15691296.00
3793 15689630.43
3794 15691062.85
3795 15696120.00
3796 15694451.57
3797 15695880.67
3798 15700932.00
3799 15699260.70
3800 15700686.47
3801 15705732.00
3802 15704057.83
3803 15705480.28
3804 15710520.00
3805 15708842.96
3806 15710262.08
3807 15715296.00
3808 15713616.08
3809 15715031.87
3810 15720060.00
3811 15718377.20
3812 15719789.66
3813 15724812.00
3814 15723126.32
3815 15724535.44
3816 15729552.00
3817 15727863.44
3818 15729269.22
3819 15734280.00
3820 15732588.55
3821 15733991.00
3822 15738996.00
3823 15737301.66
3824 15738700.77
3825 15743700.00
3826 15742002.76
3827 15743398.53
3828 15748392.00
3829 15746691.87
3830 15748084.29
3831 15753072.00
3832 15751368.97
3833 15752758.05
3834 15757740.00
3835 15756034.07
3836 15757419.80
3837 15762396.00
3838 15760687.16
3839 15762069.55
3840 15767040.00
3841 15765328.25
3842 15766707.29
3843 15771672.00
3844 15769957.34
3845 15771333.02
3846 15776292.00
3847 15774574.43
3848 15775946.76
3849 15780900.00
3850 15779179.51
3851 15780548.49
3852 15785496.00
3853 15783772.59
3854 15785138.21
3855 15790080.00
3856 15788353.67
3857 15789715.93
3858 15794652.00
3859 15792922.74
3860 15794281.64
3861 15799212.00
3862 15797479.81
3863 15798835.35
3864 15803760.00
3865 15802024.88
3866 15803377.05
3867 15808296.00
3868 15806557.95
3869 15807906.75
3870 15812820.00
3871 15811079.01
3872 15812424.45
3873 15817332.00
3874 15815588.07
3875 15816930.14
3876 15821832.00
3877 15820085.13
3878 15821423.83
3879 15826320.00
3880 15824570.18
3881 15825905.51
3882 15830796.00
3883 15829043.23
3884 15830375.18
3885 15835260.00
3886 15833504.28
3887 15834832.86
3888 15839712.00
3889 15837953.33
3890 15839278.52
3891 15844152.00
3892 15842390.37
3893 15843712.19
3894 15848580.00
3895 15846815.41
3896 15848133.84
3897 15852996.00
3898 15851228.44
3899 15852543.50
3900 15857400.00
3901 15855629.48
3902 15856941.15
3903 15861792.00
3904 15860018.51
3905 15861326.79
3906 15866172.00
3907 15864395.53
3908 15865700.43
3909 15870540.00
3910 15868760.56
3911 15870062.06
3912 15874896.00
3913 15873113.58
3914 15874411.69
3915 15879240.00
3916 15877454.60
3917 15878749.32
3918 15883572.00
3919 15881783.61
3920 15883074.94
3921 15887892.00
3922 15886100.63
3923 15887388.56
3924 15892200.00
3925 15890405.64
3926 15891690.17
3927 15896496.00
3928 15894698.64
3929 15895979.78
3930 15900780.00
3931 15898979.65
3932 15900257.38
3933 15905052.00
3934 15903248.65
3935 15904522.98
3936 15909312.00
3937 15907505.64
3938 15908776.57
3939 15913560.00
3940 15911750.64
3941 15913018.16
3942 15917796.00
3943 15915983.63
3944 15917247.75
3945 15922020.00
3946 15920204.62
3947 15921465.33
3948 15926232.00
3949 15924413.60
3950 15925670.90
3951 15930432.00
3952 15928610.59
3953 15929864.47
3954 15934620.00
3955 15932795.57
3956 15934046.04
3957 15938796.00
3958 15936968.54
3959 15938215.60
3960 15942960.00
3961 15941129.52
3962 15942373.16
3963 15947112.00
3964 15945278.49
3965 15946518.71
3966 15951252.00
3967 15949415.46
3968 15950652.26
3969 15955380.00
3970 15953540.42
3971 15954773.80
3972 15959496.00
3973 15957653.38
3974 15958883.34
3975 15963600.00
3976 15961754.34
3977 15962980.88
3978 15967692.00
3979 15965843.30
3980 15967066.41
3981 15971772.00
3982 15969920.25
3983 15971139.93
3984 15975840.00
3985 15973985.20
3986 15975201.45
3987 15979896.00
3988 15978038.15
3989 15979250.97
3990 15983940.00
3991 15982079.09
3992 15983288.48
3993 15987972.00
3994 15986108.03
3995 15987313.99
3996 15991992.00
3997 15990124.97
3998 15991327.49
3999 15996000.00
4000 15994129.91
4001 15995328.99
4002 15999996.00
4003 15998122.84
4004 15999318.49
4005 16003980.00
4006 16002103.77
4007 16003295.97
4008 16007952.00
4009 16006072.69
4010 16007261.46
4011 16011912.00
4012 16010029.62
4013 16011214.94
4014 16015860.00
4015 16013974.54
4016 16015156.42
4017 16019796.00
4018 16017907.45
4019 16019085.89
4020 16023720.00
4021 16021828.37
4022 16023003.35
4023 16027632.00
4024 16025737.28
4025 16026908.82
4026 16031532.00
4027 16029634.19
4028 16030802.28
4029 16035420.00
4030 16033519.09
4031 16034683.73
4032 16039296.00
4033 16037391.99
4034 16038553.18
4035 16043160.00
4036 16041252.89
4037 16042410.62
4038 16047012.00
4039 16045101.79
4040 16046256.06
4041 16050852.00
4042 16048938.68
4043 16050089.50
4044 16054680.00
4045 16052763.57
4046 16053910.93
4047 16058496.00
4048 16056576.46
4049 16057720.36
4050 16062300.00
4051 16060377.34
4052 16061517.78
4053 16066092.00
4054 16064166.22
4055 16065303.20
4056 16069872.00
4057 16067943.10
4058 16069076.61
4059 16073640.00
4060 16071707.98
4061 16072838.02
4062 16077396.00
4063 16075460.85
4064 16076587.43
4065 16081140.00
4066 16079201.72
4067 16080324.83
4068 16084872.00
4069 16082930.58
4070 16084050.22
4071 16088592.00
4072 16086647.44
4073 16087763.61
4074 16092300.00
4075 16090352.30
4076 16091465.00
4077 16095996.00
4078 16094045.16
4079 16095154.38
4080 16099680.00
4081 16097726.01
4082 16098831.76
4083 16103352.00
4084 16101394.87
4085 16102497.14
4086 16107012.00
4087 16105051.71
4088 16106150.50
4089 16110660.00
4090 16108696.56
4091 16109791.87
4092 16114296.00
4093 16112329.40
4094 16113421.23
4095 16117920.00
4096 16115950.24
4097 16117038.59
4098 16121532.00
4099 16119559.07
4100 16120643.94
4101 16125132.00
4102 16123155.90
4103 16124237.29
4104 16128720.00
4105 16126740.73
4106 16127818.63
4107 16132296.00
4108 16130313.56
4109 16131387.97
4110 16135860.00
4111 16133874.38
4112 16134945.30
4113 16139412.00
4114 16137423.20
4115 16138490.63
4116 16142952.00
4117 16140960.02
4118 16142023.96
4119 16146480.00
4120 16144484.83
4121 16145545.28
4122 16149996.00
4123 16147997.64
4124 16149054.59
4125 16153500.00
4126 16151498.45
4127 16152551.91
4128 16156992.00
4129 16154987.26
4130 16156037.22
4131 16160472.00
4132 16158464.06
4133 16159510.52
4134 16163940.00
4135 16161928.86
4136 16162971.82
4137 16167396.00
4138 16165381.65
4139 16166421.11
4140 16170840.00
4141 16168822.44
4142 16169858.40
4143 16174272.00
4144 16172251.23
4145 16173283.69
4146 16177692.00
4147 16175668.02
4148 16176696.97
4149 16181100.00
4150 16179072.80
4151 16180098.25
4152 16184496.00
4153 16182465.58
4154 16183487.52
4155 16187880.00
4156 16185846.36
4157 16186864.79
4158 16191252.00
4159 16189215.13
4160 16190230.06
4161 16194612.00
4162 16192571.90
4163 16193583.32
4164 16197960.00
4165 16195916.67
4166 16196924.57
4167 16201296.00
4168 16199249.44
4169 16200253.82
4170 16204620.00
4171 16202570.20
4172 16203571.07
4173 16207932.00
4174 16205878.96
4175 16206876.32
4176 16211232.00
4177 16209175.71
4178 16210169.55
4179 16214520.00
4180 16212460.47
4181 16213450.79
4182 16217796.00
4183 16215733.21
4184 16216720.02
4185 16221060.00
4186 16218993.96
4187 16219977.24
4188 16224312.00
4189 16222242.70
4190 16223222.47
4191 16227552.00
4192 16225479.44
4193 16226455.68
4194 16230780.00
4195 16228704.18
4196 16229676.90
4197 16233996.00
4198 16231916.91
4199 16232886.10
4200 16237200.00
4201 16235117.64
4202 16236083.31
4203 16240392.00
4204 16238306.37
4205 16239268.51
4206 16243572.00
4207 16241483.10
4208 16242441.71
4209 16246740.00
4210 16244647.82
4211 16245602.90
4212 16249896.00
4213 16247800.54
4214 16248752.08
4215 16253040.00
4216 16250941.25
4217 16251889.27
4218 16256172.00
4219 16254069.96
4220 16255014.45
4221 16259292.00
4222 16257186.67
4223 16258127.62
4224 16262400.00
4225 16260291.38
4226 16261228.79
4227 16265496.00
4228 16263384.08
4229 16264317.96
4230 16268580.00
4231 16266464.78
4232 16267395.12
4233 16271652.00
4234 16269533.48
4235 16270460.28
4236 16274712.00
4237 16272590.17
4238 16273513.43
4239 16277760.00
4240 16275634.86
4241 16276554.58
4242 16280796.00
4243 16278667.55
4244 16279583.72
4245 16283820.00
4246 16281688.23
4247 16282600.86
4248 16286832.00
4249 16284696.91
4250 16285606.00
4251 16289832.00
4252 16287693.59
4253 16288599.13
4254 16292820.00
4255 16290678.26
4256 16291580.26
4257 16295796.00
4258 16293650.94
4259 16294549.38
4260 16298760.00
4261 16296611.60
4262 16297506.50
4263 16301712.00
4264 16299560.27
4265 16300451.62
4266 16304652.00
4267 16302496.93
4268 16303384.73
4269 16307580.00
4270 16305421.59
4271 16306305.83
4272 16310496.00
4273 16308334.25
4274 16309214.94
4275 16313400.00
4276 16311234.90
4277 16312112.03
4278 16316292.00
4279 16314123.55
4280 16314997.13
4281 16319172.00
4282 16317000.19
4283 16317870.22
4284 16322040.00
4285 16319864.84
4286 16320731.30
4287 16324896.00
4288 16322717.48
4289 16323580.38
4290 16327740.00
4291 16325558.11
4292 16326417.46
4293 16330572.00
4294 16328386.75
4295 16329242.54
4296 16333392.00
4297 16331203.38
4298 16332055.60
4299 16336200.00
4300 16334008.01
4301 16334856.67
4302 16338996.00
4303 16336800.63
4304 16337645.73
4305 16341780.00
4306 16339581.25
4307 16340422.79
4308 16344552.00
4309 16342349.87
4310 16343187.84
4311 16347312.00
4312 16345106.48
4313 16345940.89
4314 16350060.00
4315 16347851.09
4316 16348681.93
4317 16352796.00
4318 16350583.70
4319 16351410.97
4320 16355520.00
4321 16353304.31
4322 16354128.00
4323 16358232.00
4324 16356012.91
4325 16356833.04
4326 16360932.00
4327 16358709.51
4328 16359526.06
4329 16363620.00
4330 16361394.11
4331 16362207.09
4332 16366296.00
4333 16364066.70
4334 16364876.10
4335 16368960.00
4336 16366727.29
4337 16367533.12
4338 16371612.00
4339 16369375.87
4340 16370178.13
4341 16374252.00
4342 16372012.46
4343 16372811.14
4344 16376880.00
4345 16374637.04
4346 16375432.14
4347 16379496.00
4348 16377249.61
4349 16378041.14
4350 16382100.00
4351 16379850.19
4352 16380638.13
4353 16384692.00
4354 16382438.76
4355 16383223.12
4356 16387272.00
4357 16385015.32
4358 16385796.10
4359 16389840.00
4360 16387579.89
4361 16388357.09
4362 16392396.00
4363 16390132.45
4364 16390906.06
4365 16394940.00
4366 16392673.01
4367 16393443.04
4368 16397472.00
4369 16395201.56
4370 16395968.01
4371 16399992.00
4372 16397718.11
4373 16398480.97
4374 16402500.00
4375 16400222.66
4376 16400981.93
4377 16404996.00
4378 16402715.20
4379 16403470.89
4380 16407480.00
4381 16405195.75
4382 16405947.84
4383 16409952.00
4384 16407664.28
4385 16408412.79
4386 16412412.00
4387 16410120.82
4388 16410865.73
4389 16414860.00
4390 16412565.35
4391 16413306.67
4392 16417296.00
4393 16414997.88
4394 16415735.61
4395 16419720.00
4396 16417418.40
4397 16418152.54
4398 16422132.00
4399 16419826.93
4400 16420557.47
4401 16424532.00
4402 16422223.45
4403 16422950.40
4404 16426920.00
4405 16424607.96
4406 16425331.31
4407 16429296.00
4408 16426980.47
4409 16427700.23
4410 16431660.00
4411 16429340.98
4412 16430057.14
4413 16434012.00
4414 16431689.49
4415 16432402.05
4416 16436352.00
4417 16434025.99
4418 16434734.95
4419 16438680.00
4420 16436350.49
4421 16437055.85
4422 16440996.00
4423 16438662.99
4424 16439364.75
4425 16443300.00
4426 16440963.48
4427 16441661.64
4428 16445592.00
4429 16443251.97
4430 16443946.53
4431 16447872.00
4432 16445528.46
4433 16446219.41
4434 16450140.00
4435 16447792.94
4436 16448480.29
4437 16452396.00
4438 16450045.42
4439 16450729.16
4440 16454640.00
4441 16452285.90
4442 16452966.04
4443 16456872.00
4444 16454514.37
4445 16455190.90
4446 16459092.00
4447 16456730.84
4448 16457403.77
4449 16461300.00
4450 16458935.31
4451 16459604.62
4452 16463496.00
4453 16461127.78
4454 16461793.48
4455 16465680.00
4456 16463308.24
4457 16463970.33
4458 16467852.00
4459 16465476.70
4460 16466135.18
4461 16470012.00
4462 16467633.15
4463 16468288.02
4464 16472160.00
4465 16469777.60
4466 16470428.86
4467 16474296.00
4468 16471910.05
4469 16472557.69
4470 16476420.00
4471 16474030.49
4472 16474674.52
4473 16478532.00
4474 16476138.93
4475 16476779.35
4476 16480632.00
4477 16478235.37
4478 16478872.17
4479 16482720.00
4480 16480319.81
4481 16480952.99
4482 16484796.00
4483 16482392.24
4484 16483021.81
4485 16486860.00
4486 16484452.67
4487 16485078.62
4488 16488912.00
4489 16486501.09
4490 16487123.42
4491 16490952.00
4492 16488537.51
4493 16489156.23
4494 16492980.00
4495 16490561.93
4496 16491177.02
4497 16494996.00
4498 16492574.35
4499 16493185.82
4500 16497000.00
4501 16494574.76
4502 16495182.61
4503 16498992.00
4504 16496563.17
4505 16497167.40
4506 16500972.00
4507 16498539.57
4508 16499140.18
4509 16502940.00
4510 16500503.98
4511 16501100.96
4512 16504896.00
4513 16502456.38
4514 16503049.73
4515 16506840.00
4516 16504396.77
4517 16504986.50
4518 16508772.00
4519 16506325.16
4520 16506911.27
4521 16510692.00
4522 16508241.55
4523 16508824.03
4524 16512600.00
4525 16510145.94
4526 16510724.79
4527 16514496.00
4528 16512038.32
4529 16512613.55
4530 16516380.00
4531 16513918.70
4532 16514490.30
4533 16518252.00
4534 16515787.08
4535 16516355.04
4536 16520112.00
4537 16517643.45
4538 16518207.79
4539 16521960.00
4540 16519487.82
4541 16520048.52
4542 16523796.00
4543 16521320.18
4544 16521877.26
4545 16525620.00
4546 16523140.55
4547 16523693.99
4548 16527432.00
4549 16524948.91
4550 16525498.72
4551 16529232.00
4552 16526745.26
4553 16527291.44
4554 16531020.00
4555 16528529.62
4556 16529072.16
4557 16532796.00
4558 16530301.96
4559 16530840.87
4560 16534560.00
4561 16532062.31
4562 16532597.58
4563 16536312.00
4564 16533810.65
4565 16534342.29
4566 16538052.00
4567 16535546.99
4568 16536075.00
4569 16539780.00
4570 16537271.33
4571 16537795.69
4572 16541496.00
4573 16538983.66
4574 16539504.39
4575 16543200.00
4576 16540683.99
4577 16541201.08
4578 16544892.00
4579 16542372.32
4580 16542885.77
4581 16546572.00
4582 16544048.64
4583 16544558.45
4584 16548240.00
4585 16545712.96
4586 16546219.13
4587 16549896.00
4588 16547365.28
4589 16547867.81
4590 16551540.00
4591 16549005.59
4592 16549504.48
4593 16553172.00
4594 16550633.90
4595 16551129.15
4596 16554792.00
4597 16552250.21
4598 16552741.81
4599 16556400.00
4600 16553854.51
4601 16554342.47
4602 16557996.00
4603 16555446.81
4604 16555931.13
4605 16559580.00
4606 16557027.11
4607 16557507.78
4608 16561152.00
4609 16558595.40
4610 16559072.43
4611 16562712.00
4612 16560151.69
4613 16560625.07
4614 16564260.00
4615 16561695.98
4616 16562165.71
4617 16565796.00
4618 16563228.26
4619 16563694.35
4620 16567320.00
4621 16564748.54
4622 16565210.98
4623 16568832.00
4624 16566256.81
4625 16566715.61
4626 16570332.00
4627 16567753.09
4628 16568208.24
4629 16571820.00
4630 16569237.36
4631 16569688.86
4632 16573296.00
4633 16570709.62
4634 16571157.47
4635 16574760.00
4636 16572169.89
4637 16572614.09
4638 16576212.00
4639 16573618.15
4640 16574058.70
4641 16577652.00
4642 16575054.40
4643 16575491.30
4644 16579080.00
4645 16576478.65
4646 16576911.90
4647 16580496.00
4648 16577890.90
4649 16578320.50
4650 16581900.00
4651 16579291.15
4652 16579717.10
4653 16583292.00
4654 16580679.39
4655 16581101.69
4656 16584672.00
4657 16582055.63
4658 16582474.27
4659 16586040.00
4660 16583419.87
4661 16583834.85
4662 16587396.00
4663 16584772.10
4664 16585183.43
4665 16588740.00
4666 16586112.33
4667 16586520.01
4668 16590072.00
4669 16587440.56
4670 16587844.58
4671 16591392.00
4672 16588756.78
4673 16589157.14
4674 16592700.00
4675 16590061.00
4676 16590457.71
4677 16593996.00
4678 16591353.21
4679 16591746.27
4680 16595280.00
4681 16592633.43
4682 16593022.82
4683 16596552.00
4684 16593901.64
4685 16594287.37
4686 16597812.00
4687 16595157.84
4688 16595539.92
4689 16599060.00
4690 16596402.04
4691 16596780.46
4692 16600296.00
4693 16597634.24
4694 16598009.00
4695 16601520.00
4696 16598854.44
4697 16599225.54
4698 16602732.00
4699 16600062.63
4700 16600430.07
4701 16603932.00
4702 16601258.82
4703 16601622.60
4704 16605120.00
4705 16602443.00
4706 16602803.13
4707 16606296.00
4708 16603615.19
4709 16603971.65
4710 16607460.00
4711 16604775.36
4712 16605128.16
4713 16608612.00
4714 16605923.54
4715 16606272.68
4716 16609752.00
4717 16607059.71
4718 16607405.19
4719 16610880.00
4720 16608183.88
4721 16608525.69
4722 16611996.00
4723 16609296.04
4724 16609634.19
4725 16613100.00
4726 16610396.21
4727 16610730.69
4728 16614192.00
4729 16611484.36
4730 16611815.19
4731 16615272.00
4732 16612560.52
4733 16612887.68
4734 16616340.00
4735 16613624.67
4736 16613948.16
4737 16617396.00
4738 16614676.82
4739 16614996.64
4740 16618440.00
4741 16615716.96
4742 16616033.12
4743 16619472.00
4744 16616745.10
4745 16617057.60
4746 16620492.00
4747 16617761.24
4748 16618070.07
4749 16621500.00
4750 16618765.37
4751 16619070.54
4752 16622496.00
4753 16619757.50
4754 16620059.00
4755 16623480.00
4756 16620737.63
4757 16621035.46
4758 16624452.00
4759 16621705.76
4760 16621999.92
4761 16625412.00
4762 16622661.88
4763 16622952.37
4764 16626360.00
4765 16623605.99
4766 16623892.82
4767 16627296.00
4768 16624538.11
4769 16624821.26
4770 16628220.00
4771 16625458.22
4772 16625737.70
4773 16629132.00
4774 16626366.32
4775 16626642.14
4776 16630032.00
4777 16627262.43
4778 16627534.57
4779 16630920.00
4780 16628146.53
4781 16628415.00
4782 16631796.00
4783 16629018.62
4784 16629283.43
4785 16632660.00
4786 16629878.71
4787 16630139.85
4788 16633512.00
4789 16630726.80
4790 16630984.27
4791 16634352.00
4792 16631562.89
4793 16631816.69
4794 16635180.00
4795 16632386.97
4796 16632637.10
4797 16635996.00
4798 16633199.05
4799 16633445.50
4800 16636800.00
4801 16633999.13
4802 16634241.91
4803 16637592.00
4804 16634787.20
4805 16635026.31
4806 16638372.00
4807 16635563.27
4808 16635798.70
4809 16639140.00
4810 16636327.33
4811 16636559.10
4812 16639896.00
4813 16637079.39
4814 16637307.48
4815 16640640.00
4816 16637819.45
4817 16638043.87
4818 16641372.00
4819 16638547.51
4820 16638768.25
4821 16642092.00
4822 16639263.56
4823 16639480.63
4824 16642800.00
4825 16639967.61
4826 16640181.00
4827 16643496.00
4828 16640659.65
4829 16640869.37
4830 16644180.00
4831 16641339.69
4832 16641545.74
4833 16644852.00
4834 16642007.73
4835 16642210.10
4836 16645512.00
4837 16642663.76
4838 16642862.46
4839 16646160.00
4840 16643307.79
4841 16643502.81
4842 16646796.00
4843 16643939.82
4844 16644131.16
4845 16647420.00
4846 16644559.84
4847 16644747.51
4848 16648032.00
4849 16645167.86
4850 16645351.85
4851 16648632.00
4852 16645763.88
4853 16645944.19
4854 16649220.00
4855 16646347.89
4856 16646524.53
4857 16649796.00
4858 16646919.90
4859 16647092.86
4860 16650360.00
4861 16647479.91
4862 16647649.19
4863 16650912.00
4864 16648027.91
4865 16648193.52
4866 16651452.00
4867 16648563.91
4868 16648725.84
4869 16651980.00
4870 16649087.90
4871 16649246.16
4872 16652496.00
4873 16649599.90
4874 16649754.47
4875 16653000.00
4876 16650099.88
4877 16650250.78
4878 16653492.00
4879 16650587.87
4880 16650735.09
4881 16653972.00
4882 16651063.85
4883 16651207.39
4884 16654440.00
4885 16651527.83
4886 16651667.69
4887 16654896.00
4888 16651979.80
4889 16652115.99
4890 16655340.00
4891 16652419.77
4892 16652552.28
4893 16655772.00
4894 16652847.74
4895 16652976.57
4896 16656192.00
4897 16653263.70
4898 16653388.85
4899 16656600.00
4900 16653667.66
4901 16653789.13
4902 16656996.00
4903 16654059.62
4904 16654177.41
4905 16657380.00
4906 16654439.57
4907 16654553.68
4908 16657752.00
4909 16654807.52
4910 16654917.95
4911 16658112.00
4912 16655163.47
4913 16655270.22
4914 16658460.00
4915 16655507.41
4916 16655610.48
4917 16658796.00
4918 16655839.35
4919 16655938.74
4920 16659120.00
4921 16656159.29
4922 16656255.00
4923 16659432.00
4924 16656467.22
4925 16656559.25
4926 16659732.00
4927 16656763.15
4928 16656851.50
4929 16660020.00
4930 16657047.07
4931 16657131.74
4932 16660296.00
4933 16657318.99
4934 16657399.98
4935 16660560.00
4936 16657578.91
4937 16657656.22
4938 16660812.00
4939 16657826.82
4940 16657900.45
4941 16661052.00
4942 16658062.74
4943 16658132.68
4944 16661280.00
4945 16658286.64
4946 16658352.91
4947 16661496.00
4948 16658498.55
4949 16658561.13
4950 16661700.00
4951 16658698.45
4952 16658757.35
4953 16661892.00
4954 16658886.34
4955 16658941.56
4956 16662072.00
4957 16659062.24
4958 16659113.78
4959 16662240.00
4960 16659226.12
4961 16659273.98
4962 16662396.00
4963 16659378.01
4964 16659422.19
4965 16662540.00
4966 16659517.89
4967 16659558.39
4968 16662672.00
4969 16659645.77
4970 16659682.59
4971 16662792.00
4972 16659761.65
4973 16659794.78
4974 16662900.00
4975 16659865.52
4976 16659894.97
4977 16662996.00
4978 16659957.38
4979 16659983.16
4980 16663080.00
4981 16660037.25
4982 16660059.34
4983 16663152.00
4984 16660105.11
4985 16660123.52
4986 16663212.00
4987 16660160.97
4988 16660175.69
4989 16663260.00
4990 16660204.82
4991 16660215.86
4992 16663296.00
4993 16660236.67
4994 16660244.03
4995 16663320.00
4996 16660256.52
4997 16660260.20
4998 16663332.00
4999 16660264.36
5000 16660264.36
5001 16663332.00
5002 16660260.20
5003 16660256.52
5004 16663320.00
5005 16660244.03
5006 16660236.67
5007 16663296.00
5008 16660215.86
5009 16660204.82
5010 16663260.00
5011 16660175.69
5012 16660160.97
5013 16663212.00
5014 16660123.52
5015 16660105.11
5016 16663152.00
5017 16660059.34
5018 16660037.25
5019 16663080.00
5020 16659983.16
5021 16659957.38
5022 16662996.00
5023 16659894.97
5024 16659865.52
5025 16662900.00
5026 16659794.78
5027 16659761.65
5028 16662792.00
5029 16659682.59
5030 16659645.77
5031 16662672.00
5032 16659558.39
5033 16659517.89
5034 16662540.00
5035 16659422.19
5036 16659378.01
5037 16662396.00
5038 16659273.98
5039 16659226.12
5040 16662240.00
5041 16659113.78
5042 16659062.24
5043 16662072.00
5044 16658941.56
5045 16658886.34
5046 16661892.00
5047 16658757.35
5048 16658698.45
5049 16661700.00
5050 16658561.13
5051 16658498.55
5052 16661496.00
5053 16658352.91
5054 16658286.64
5055 16661280.00
5056 16658132.68
5057 16658062.74
5058 16661052.00
5059 16657900.45
5060 16657826.82
5061 16660812.00
5062 16657656.22
5063 16657578.91
5064 16660560.00
5065 16657399.98
5066 16657318.99
5067 16660296.00
5068 16657131.74
5069 16657047.07
5070 16660020.00
5071 16656851.50
5072 16656763.15
5073 16659732.00
5074 16656559.25
5075 16656467.22
5076 16659432.00
5077 16656255.00
5078 16656159.29
5079 16659120.00
5080 16655938.74
5081 16655839.35
5082 16658796.00
5083 16655610.48
5084 16655507.41
5085 16658460.00
5086 16655270.22
5087 16655163.47
5088 16658112.00
5089 16654917.95
5090 16654807.52
5091 16657752.00
5092 16654553.68
5093 16654439.57
5094 16657380.00
5095 16654177.41
5096 16654059.62
5097 16656996.00
5098 16653789.13
5099 16653667.66
5100 16656600.00
5101 16653388.85
5102 16653263.70
5103 16656192.00
5104 16652976.57
5105 16652847.74
5106 16655772.00
5107 16652552.28
5108 16652419.77
5109 16655340.00
5110 16652115.99
5111 16651979.80
5112 16654896.00
5113 16651667.69
5114 16651527.83
5115 16654440.00
5116 16651207.39
5117 16651063.85
5118 16653972.00
5119 16650735.09
5120 16650587.87
5121 16653492.00
5122 16650250.78
5123 16650099.88
5124 16653000.00
5125 16649754.47
5126 16649599.90
5127 16652496.00
5128 16649246.16
5129 16649087.90
5130 16651980.00
5131 16648725.84
5132 16648563.91
5133 16651452.00
5134 16648193.52
5135 16648027.91
5136 16650912.00
5137 16647649.19
5138 16647479.91
5139 16650360.00
5140 16647092.86
5141 16646919.90
5142 16649796.00
5143 16646524.53
5144 16646347.89
5145 16649220.00
5146 16645944.19
5147 16645763.88
5148 16648632.00
5149 16645351.85
5150 16645167.86
5151 16648032.00
5152 16644747.51
5153 16644559.84
5154 16647420.00
5155 16644131.16
5156 16643939.82
5157 16646796.00
5158 16643502.81
5159 16643307.79
5160 16646160.00
5161 16642862.46
5162 16642663.76
5163 16645512.00
5164 16642210.10
5165 16642007.73
5166 16644852.00
5167 16641545.74
5168 16641339.69
5169 16644180.00
5170 16640869.37
5171 16640659.65
5172 16643496.00
5173 16640181.00
5174 16639967.61
5175 16642800.00
5176 16639480.63
5177 16639263.56
5178 16642092.00
5179 16638768.25
5180 16638547.51
5181 16641372.00
5182 16638043.87
5183 16637819.45
5184 16640640.00
5185 16637307.48
5186 16637079.39
5187 16639896.00
5188 16636559.10
5189 16636327.33
5190 16639140.00
5191 16635798.70
5192 16635563.27
5193 16638372.00
5194 16635026.31
5195 16634787.20
5196 16637592.00
5197 16634241.91
5198 16633999.13
5199 16636800.00
5200 16633445.50
5201 16633199.05
5202 16635996.00
5203 16632637.10
5204 16632386.97
5205 16635180.00
5206 16631816.69
5207 16631562.89
5208 16634352.00
5209 16630984.27
5210 16630726.80
5211 16633512.00
5212 16630139.85
5213 16629878.71
5214 16632660.00
5215 16629283.43
5216 16629018.62
5217 16631796.00
5218 16628415.00
5219 16628146.53
5220 16630920.00
5221 16627534.57
5222 16627262.43
5223 16630032.00
5224 16626642.14
5225 16626366.32
5226 16629132.00
5227 16625737.70
5228 16625458.22
5229 16628220.00
5230 16624821.26
5231 16624538.11
5232 16627296.00
5233 16623892.82
5234 16623605.99
5235 16626360.00
5236 16622952.37
5237 16622661.88
5238 16625412.00
5239 16621999.92
5240 16621705.76
5241 16624452.00
5242 16621035.46
5243 16620737.63
5244 16623480.00
5245 16620059.00
5246 16619757.50
5247 16622496.00
5248 16619070.54
5249 16618765.37
5250 16621500.00
5251 16618070.07
5252 16617761.24
5253 16620492.00
5254 16617057.60
5255 16616745.10
5256 16619472.00
5257 16616033.12
5258 16615716.96
5259 16618440.00
5260 16614996.64
5261 16614676.82
5262 16617396.00
5263 16613948.16
5264 16613624.67
5265 16616340.00
5266 16612887.68
5267 16612560.52
5268 16615272.00
5269 16611815.19
5270 16611484.36
5271 16614192.00
5272 16610730.69
5273 16610396.21
5274 16613100.00
5275 16609634.19
5276 16609296.04
5277 16611996.00
5278 16608525.69
5279 16608183.88
5280 16610880.00
5281 16607405.19
5282 16607059.71
5283 16609752.00
5284 16606272.68
5285 16605923.54
5286 16608612.00
5287 16605128.16
5288 16604775.36
5289 16607460.00
5290 16603971.65
5291 16603615.19
5292 16606296.00
5293 16602803.13
5294 16602443.00
5295 16605120.00
5296 16601622.60
5297 16601258.82
5298 16603932.00
5299 16600430.07
5300 16600062.63
5301 16602732.00
5302 16599225.54
5303 16598854.44
5304 16601520.00
5305 16598009.00
5306 16597634.24
5307 16600296.00
5308 16596780.46
5309 16596402.04
5310 16599060.00
5311 16595539.92
5312 16595157.84
5313 16597812.00
5314 16594287.37
5315 16593901.64
5316 16596552.00
5317 16593022.82
5318 16592633.43
5319 16595280.00
5320 16591746.27
5321 16591353.21
5322 16593996.00
5323 16590457.71
5324 16590061.00
5325 16592700.00
5326 16589157.14
5327 16588756.78
5328 16591392.00
5329 16587844.58
5330 16587440.56
5331 16590072.00
5332 16586520.01
5333 16586112.33
5334 16588740.00
5335 16585183.43
5336 16584772.10
5337 16587396.00
5338 16583834.85
5339 16583419.87
5340 16586040.00
5341 16582474.27
5342 16582055.63
5343 16584672.00
5344 16581101.69
5345 16580679.39
5346 16583292.00
5347 16579717.10
5348 16579291.15
5349 16581900.00
5350 16578320.50
5351 16577890.90
5352 16580496.00
5353 16576911.90
5354 16576478.65
5355 16579080.00
5356 16575491.30
5357 16575054.40
5358 16577652.00
5359 16574058.70
5360 16573618.15
5361 16576212.00
5362 16572614.09
5363 16572169.89
5364 16574760.00
5365 16571157.47
5366 16570709.62
5367 16573296.00
5368 16569688.86
5369 16569237.36
5370 16571820.00
5371 16568208.24
5372 16567753.09
5373 16570332.00
5374 16566715.61
5375 16566256.81
5376 16568832.00
5377 16565210.98
5378 16564748.54
5379 16567320.00
5380 16563694.35
5381 16563228.26
5382 16565796.00
5383 16562165.71
5384 16561695.98
5385 16564260.00
5386 16560625.07
5387 16560151.69
5388 16562712.00
5389 16559072.43
5390 16558595.40
5391 16561152.00
5392 16557507.78
5393 16557027.11
5394 16559580.00
5395 16555931.13
5396 16555446.81
5397 16557996.00
5398 16554342.47
5399 16553854.51
5400 16556400.00
5401 16552741.81
5402 16552250.21
5403 16554792.00
5404 16551129.15
5405 16550633.90
5406 16553172.00
5407 16549504.48
5408 16549005.59
5409 16551540.00
5410 16547867.81
5411 16547365.28
5412 16549896.00
5413 16546219.13
5414 16545712.96
5415 16548240.00
5416 16544558.45
5417 16544048.64
5418 16546572.00
5419 16542885.77
5420 16542372.32
5421 16544892.00
5422 16541201.08
5423 16540683.99
5424 16543200.00
5425 16539504.39
5426 16538983.66
5427 16541496.00
5428 16537795.69
5429 16537271.33
5430 16539780.00
5431 16536075.00
5432 16535546.99
5433 16538052.00
5434 16534342.29
5435 16533810.65
5436 16536312.00
5437 16532597.58
5438 16532062.31
5439 16534560.00
5440 16530840.87
5441 16530301.96
5442 16532796.00
5443 16529072.16
5444 16528529.62
5445 16531020.00
5446 16527291.44
5447 16526745.26
5448 16529232.00
5449 16525498.72
5450 16524948.91
5451 16527432.00
5452 16523693.99
5453 16523140.55
5454 16525620.00
5455 16521877.26
5456 16521320.18
5457 16523796.00
5458 16520048.52
5459 16519487.82
5460 16521960.00
5461 16518207.79
5462 16517643.45
5463 16520112.00
5464 16516355.04
5465 16515787.08
5466 16518252.00
5467 16514490.30
5468 16513918.70
5469 16516380.00
5470 16512613.55
5471 16512038.32
5472 16514496.00
5473 16510724.79
5474 16510145.94
5475 16512600.00
5476 16508824.03
5477 16508241.55
5478 16510692.00
5479 16506911.27
5480 16506325.16
5481 16508772.00
5482 16504986.50
5483 16504396.77
5484 16506840.00
5485 16503049.73
5486 16502456.38
5487 16504896.00
5488 16501100.96
5489 16500503.98
5490 16502940.00
5491 16499140.18
5492 16498539.57
5493 16500972.00
5494 16497167.40
5495 16496563.17
5496 16498992.00
5497 16495182.61
5498 16494574.76
5499 16497000.00
5500 16493185.82
5501 16492574.35
5502 16494996.00
5503 16491177.02
5504 16490561.93
5505 16492980.00
5506 16489156.23
5507 16488537.51
5508 16490952.00
5509 16487123.42
5510 16486501.09
5511 16488912.00
5512 16485078.62
5513 16484452.67
5514 16486860.00
5515 16483021.81
5516 16482392.24
5517 16484796.00
5518 16480952.99
5519 16480319.81
5520 16482720.00
5521 16478872.17
5522 16478235.37
5523 16480632.00
5524 16476779.35
5525 16476138.93
5526 16478532.00
5527 16474674.52
5528 16474030.49
5529 16476420.00
5530 16472557.69
5531 16471910.05
5532 16474296.00
5533 16470428.86
5534 16469777.60
5535 16472160.00
5536 16468288.02
5537 16467633.15
5538 16470012.00
5539 16466135.18
5540 16465476.70
5541 16467852.00
5542 16463970.33
5543 16463308.24
5544 16465680.00
5545 16461793.48
5546 16461127.78
5547 16463496.00
5548 16459604.62
5549 16458935.31
5550 16461300.00
5551 16457403.77
5552 16456730.84
5553 16459092.00
5554 16455190.90
5555 16454514.37
5556 16456872.00
5557 16452966.04
5558 16452285.90
5559 16454640.00
5560 16450729.16
5561 16450045.42
5562 16452396.00
5563 16448480.29
5564 16447792.94
5565 16450140.00
5566 16446219.41
5567 16445528.46
5568 16447872.00
5569 16443946.53
5570 16443251.97
5571 16445592.00
5572 16441661.64
5573 16440963.48
5574 16443300.00
5575 16439364.75
5576 16438662.99
5577 16440996.00
5578 16437055.85
5579 16436350.49
5580 16438680.00
5581 16434734.95
5582 16434025.99
5583 16436352.00
5584 16432402.05
5585 16431689.49
5586 16434012.00
5587 16430057.14
5588 16429340.98
5589 16431660.00
5590 16427700.23
5591 16426980.47
5592 16429296.00
5593 16425331.31
5594 16424607.96
5595 16426920.00
5596 16422950.40
5597 16422223.45
5598 16424532.00
5599 16420557.47
5600 16419826.93
5601 16422132.00
5602 16418152.54
5603 16417418.40
5604 16419720.00
5605 16415735.61
5606 16414997.88
5607 16417296.00
5608 16413306.67
5609 16412565.35
5610 16414860.00
5611 16410865.73
5612 16410120.82
5613 16412412.00
5614 16408412.79
5615 16407664.28
5616 16409952.00
5617 16405947.84
5618 16405195.75
5619 16407480.00
5620 16403470.89
5621 16402715.20
5622 16404996.00
5623 16400981.93
5624 16400222.66
5625 16402500.00
5626 16398480.97
5627 16397718.11
5628 16399992.00
5629 16395968.01
5630 16395201.56
5631 16397472.00
5632 16393443.04
5633 16392673.01
5634 16394940.00
5635 16390906.06
5636 16390132.45
5637 16392396.00
5638 16388357.09
5639 16387579.89
5640 16389840.00
5641 16385796.10
5642 16385015.32
5643 16387272.00
5644 16383223.12
5645 16382438.76
5646 16384692.00
5647 16380638.13
5648 16379850.19
5649 16382100.00
5650 16378041.14
5651 16377249.61
5652 16379496.00
5653 16375432.14
5654 16374637.04
5655 16376880.00
5656 16372811.14
5657 16372012.46
5658 16374252.00
5659 16370178.13
5660 16369375.87
5661 16371612.00
5662 16367533.12
5663 16366727.29
5664 16368960.00
5665 16364876.10
5666 16364066.70
5667 16366296.00
5668 16362207.09
5669 16361394.11
5670 16363620.00
5671 16359526.06
5672 16358709.51
5673 16360932.00
5674 16356833.04
5675 16356012.91
5676 16358232.00
5677 16354128.00
5678 16353304.31
5679 16355520.00
5680 16351410.97
5681 16350583.70
5682 16352796.00
5683 16348681.93
5684 16347851.09
5685 16350060.00
5686 16345940.89
5687 16345106.48
5688 16347312.00
5689 16343187.84
5690 16342349.87
5691 16344552.00
5692 16340422.79
5693 16339581.25
5694 16341780.00
5695 16337645.73
5696 16336800.63
5697 16338996.00
5698 16334856.67
5699 16334008.01
5700 16336200.00
5701 16332055.60
5702 16331203.38
5703 16333392.00
5704 16329242.54
5705 16328386.75
5706 16330572.00
5707 16326417.46
5708 16325558.11
5709 16327740.00
5710 16323580.38
5711 16322717.48
5712 16324896.00
5713 16320731.30
5714 16319864.84
5715 16322040.00
5716 16317870.22
5717 16317000.19
5718 16319172.00
5719 16314997.13
5720 16314123.55
5721 16316292.00
5722 16312112.03
5723 16311234.90
5724 16313400.00
5725 16309214.94
5726 16308334.25
5727 16310496.00
5728 16306305.83
5729 16305421.59
5730 16307580.00
5731 16303384.73
5732 16302496.93
5733 16304652.00
5734 16300451.62
5735 16299560.27
5736 16301712.00
5737 16297506.50
5738 16296611.60
5739 16298760.00
5740 16294549.38
5741 16293650.94
5742 16295796.00
5743 16291580.26
5744 16290678.26
5745 16292820.00
5746 16288599.13
5747 16287693.59
5748 16289832.00
5749 16285606.00
5750 16284696.91
5751 16286832.00
5752 16282600.86
5753 16281688.23
5754 16283820.00
5755 16279583.72
5756 16278667.55
5757 16280796.00
5758 16276554.58
5759 16275634.86
5760 16277760.00
5761 16273513.43
5762 16272590.17
5763 16274712.00
5764 16270460.28
5765 16269533.48
5766 16271652.00
5767 16267395.12
5768 16266464.78
5769 16268580.00
5770 16264317.96
5771 16263384.08
5772 16265496.00
5773 16261228.79
5774 16260291.38
5775 16262400.00
5776 16258127.62
5777 16257186.67
5778 16259292.00
5779 16255014.45
5780 16254069.96
5781 16256172.00
5782 16251889.27
5783 16250941.25
5784 16253040.00
5785 16248752.08
5786 16247800.54
5787 16249896.00
5788 16245602.90
5789 16244647.82
5790 16246740.00
5791 16242441.71
5792 16241483.10
5793 16243572.00
5794 16239268.51
5795 16238306.37
5796 16240392.00
5797 16236083.31
5798 16235117.64
5799 16237200.00
5800 16232886.10
5801 16231916.91
5802 16233996.00
5803 16229676.90
5804 16228704.18
5805 16230780.00
5806 16226455.68
5807 16225479.44
5808 16227552.00
5809 16223222.47
5810 16222242.70
5811 16224312.00
5812 16219977.24
5813 16218993.96
5814 16221060.00
5815 16216720.02
5816 16215733.21
5817 16217796.00
5818 16213450.79
5819 16212460.47
5820 16214520.00
5821 16210169.55
5822 16209175.71
5823 16211232.00
5824 16206876.32
5825 16205878.96
5826 16207932.00
5827 16203571.07
5828 16202570.20
5829 16204620.00
5830 16200253.82
5831 16199249.44
5832 16201296.00
5833 16196924.57
5834 16195916.67
5835 16197960.00
5836 16193583.32
5837 16192571.90
5838 16194612.00
5839 16190230.06
5840 16189215.13
5841 16191252.00
5842 16186864.79
5843 16185846.36
5844 16187880.00
5845 16183487.52
5846 16182465.58
5847 16184496.00
5848 16180098.25
5849 16179072.80
5850 16181100.00
5851 16176696.97
5852 16175668.02
5853 16177692.00
5854 16173283.69
5855 16172251.23
5856 16174272.00
5857 16169858.40
5858 16168822.44
5859 16170840.00
5860 16166421.11
5861 16165381.65
5862 16167396.00
5863 16162971.82
5864 16161928.86
5865 16163940.00
5866 16159510.52
5867 16158464.06
5868 16160472.00
5869 16156037.22
5870 16154987.26
5871 16156992.00
5872 16152551.91
5873 16151498.45
5874 16153500.00
5875 16149054.59
5876 16147997.64
5877 16149996.00
5878 16145545.28
5879 16144484.83
5880 16146480.00
5881 16142023.96
5882 16140960.02
5883 16142952.00
5884 16138490.63
5885 16137423.20
5886 16139412.00
5887 16134945.30
5888 16133874.38
5889 16135860.00
5890 16131387.97
5891 16130313.56
5892 16132296.00
5893 16127818.63
5894 16126740.73
5895 16128720.00
5896 16124237.29
5897 16123155.90
5898 16125132.00
5899 16120643.94
5900 16119559.07
5901 16121532.00
5902 16117038.59
5903 16115950.24
5904 16117920.00
5905 16113421.23
5906 16112329.40
5907 16114296.00
5908 16109791.87
5909 16108696.56
5910 16110660.00
5911 16106150.50
5912 16105051.71
5913 16107012.00
5914 16102497.14
5915 16101394.87
5916 16103352.00
5917 16098831.76
5918 16097726.01
5919 16099680.00
5920 16095154.38
5921 16094045.16
5922 16095996.00
5923 16091465.00
5924 16090352.30
5925 16092300.00
5926 16087763.61
5927 16086647.44
5928 16088592.00
5929 16084050.22
5930 16082930.58
5931 16084872.00
5932 16080324.83
5933 16079201.72
5934 16081140.00
5935 16076587.43
5936 16075460.85
5937 16077396.00
5938 16072838.02
5939 16071707.98
5940 16073640.00
5941 16069076.61
5942 16067943.10
5943 16069872.00
5944 16065303.20
5945 16064166.22
5946 16066092.00
5947 16061517.78
5948 16060377.34
5949 16062300.00
5950 16057720.36
5951 16056576.46
5952 16058496.00
5953 16053910.93
5954 16052763.57
5955 16054680.00
5956 16050089.50
5957 16048938.68
5958 16050852.00
5959 16046256.06
5960 16045101.79
5961 16047012.00
5962 16042410.62
5963 16041252.89
5964 16043160.00
5965 16038553.18
5966 16037391.99
5967 16039296.00
5968 16034683.73
5969 16033519.09
5970 16035420.00
5971 16030802.28
5972 16029634.19
5973 16031532.00
5974 16026908.82
5975 16025737.28
5976 16027632.00
5977 16023003.35
5978 16021828.37
5979 16023720.00
5980 16019085.89
5981 16017907.45
5982 16019796.00
5983 16015156.42
5984 16013974.54
5985 16015860.00
5986 16011214.94
5987 16010029.62
5988 16011912.00
5989 16007261.46
5990 16006072.69
5991 16007952.00
5992 16003295.97
5993 16002103.77
5994 16003980.00
5995 15999318.49
5996 15998122.84
5997 15999996.00
5998 15995328.99
5999 15994129.91
6000 15996000.00
6001 15991327.49
6002 15990124.97
6003 15991992.00
6004 15987313.99
6005 15986108.03
6006 15987972.00
6007 15983288.48
6008 15982079.09
6009 15983940.00
6010 15979250.97
6011 15978038.15
6012 15979896.00
6013 15975201.45
6014 15973985.20
6015 15975840.00
6016 15971139.93
6017 15969920.25
6018 15971772.00
6019 15967066.41
6020 15965843.30
6021 15967692.00
6022 15962980.88
6023 15961754.34
6024 15963600.00
6025 15958883.34
6026 15957653.38
6027 15959496.00
6028 15954773.80
6029 15953540.42
6030 15955380.00
6031 15950652.26
6032 15949415.46
6033 15951252.00
6034 15946518.71
6035 15945278.49
6036 15947112.00
6037 15942373.16
6038 15941129.52
6039 15942960.00
6040 15938215.60
6041 15936968.54
6042 15938796.00
6043 15934046.04
6044 15932795.57
6045 15934620.00
6046 15929864.47
6047 15928610.59
6048 15930432.00
6049 15925670.90
6050 15924413.60
6051 15926232.00
6052 15921465.33
6053 15920204.62
6054 15922020.00
6055 15917247.75
6056 15915983.63
6057 15917796.00
6058 15913018.16
6059 15911750.64
6060 15913560.00
6061 15908776.57
6062 15907505.64
6063 15909312.00
6064 15904522.98
6065 15903248.65
6066 15905052.00
6067 15900257.38
6068 15898979.65
6069 15900780.00
6070 15895979.78
6071 15894698.64
6072 15896496.00
6073 15891690.17
6074 15890405.64
6075 15892200.00
6076 15887388.56
6077 15886100.63
6078 15887892.00
6079 15883074.94
6080 15881783.61
6081 15883572.00
6082 15878749.32
6083 15877454.60
6084 15879240.00
6085 15874411.69
6086 15873113.58
6087 15874896.00
6088 15870062.06
6089 15868760.56
6090 15870540.00
6091 15865700.43
6092 15864395.53
6093 15866172.00
6094 15861326.79
6095 15860018.51
6096 15861792.00
6097 15856941.15
6098 15855629.48
6099 15857400.00
6100 15852543.50
6101 15851228.44
6102 15852996.00
6103 15848133.84
6104 15846815.41
6105 15848580.00
6106 15843712.19
6107 15842390.37
6108 15844152.00
6109 15839278.52
6110 15837953.33
6111 15839712.00
6112 15834832.86
6113 15833504.28
6114 15835260.00
6115 15830375.18
6116 15829043.23
6117 15830796.00
6118 15825905.51
6119 15824570.18
6120 15826320.00
6121 15821423.83
6122 15820085.13
6123 15821832.00
6124 15816930.14
6125 15815588.07
6126 15817332.00
6127 15812424.45
6128 15811079.01
6129 15812820.00
6130 15807906.75
6131 15806557.95
6132 15808296.00
6133 15803377.05
6134 15802024.88
6135 15803760.00
6136 15798835.35
6137 15797479.81
6138 15799212.00
6139 15794281.64
6140 15792922.74
6141 15794652.00
6142 15789715.93
6143 15788353.67
6144 15790080.00
6145 15785138.21
6146 15783772.59
6147 15785496.00
6148 15780548.49
6149 15779179.51
6150 15780900.00
6151 15775946.76
6152 15774574.43
6153 15776292.00
6154 15771333.02
6155 15769957.34
6156 15771672.00
6157 15766707.29
6158 15765328.25
6159 15767040.00
6160 15762069.55
6161 15760687.16
6162 15762396.00
6163 15757419.80
6164 15756034.07
6165 15757740.00
6166 15752758.05
6167 15751368.97
6168 15753072.00
6169 15748084.29
6170 15746691.87
6171 15748392.00
6172 15743398.53
6173 15742002.76
6174 15743700.00
6175 15738700.77
6176 15737301.66
6177 15738996.00
6178 15733991.00
6179 15732588.55
6180 15734280.00
6181 15729269.22
6182 15727863.44
6183 15729552.00
6184 15724535.44
6185 15723126.32
6186 15724812.00
6187 15719789.66
6188 15718377.20
6189 15720060.00
6190 15715031.87
6191 15713616.08
6192 15715296.00
6193 15710262.08
6194 15708842.96
6195 15710520.00
6196 15705480.28
6197 15704057.83
6198 15705732.00
6199 15700686.47
6200 15699260.70
6201 15700932.00
6202 15695880.67
6203 15694451.57
6204 15696120.00
6205 15691062.85
6206 15689630.43
6207 15691296.00
6208 15686233.04
6209 15684797.29
6210 15686460.00
6211 15681391.21
6212 15679952.15
6213 15681612.00
6214 15676537.39
6215 15675095.01
6216 15676752.00
6217 15671671.56
6218 15670225.86
6219 15671880.00
6220 15666793.72
6221 15665344.71
6222 15666996.00
6223 15661903.88
6224 15660451.56
6225 15662100.00
6226 15657002.03
6227 15655546.40
6228 15657192.00
6229 15652088.18
6230 15650629.24
6231 15652272.00
6232 15647162.33
6233 15645700.08
6234 15647340.00
6235 15642224.47
6236 15640758.92
6237 15642396.00
6238 15637274.60
6239 15635805.75
6240 15637440.00
6241 15632312.73
6242 15630840.58
6243 15632472.00
6244 15627338.86
6245 15625863.41
6246 15627492.00
6247 15622352.98
6248 15620874.23
6249 15622500.00
6250 15617355.09
6251 15615873.05
6252 15617496.00
6253 15612345.21
6254 15610859.87
6255 15612480.00
6256 15607323.31
6257 15605834.68
6258 15607452.00
6259 15602289.41
6260 15600797.50
6261 15602412.00
6262 15597243.51
6263 15595748.31
6264 15597360.00
6265 15592185.60
6266 15590687.11
6267 15592296.00
6268 15587115.69
6269 15585613.92
6270 15587220.00
6271 15582033.77
6272 15580528.72
6273 15582132.00
6274 15576939.85
6275 15575431.52
6276 15577032.00
6277 15571833.92
6278 15570322.31
6279 15571920.00
6280 15566715.99
6281 15565201.10
6282 15566796.00
6283 15561586.05
6284 15560067.89
6285 15561660.00
6286 15556444.11
6287 15554922.68
6288 15556512.00
6289 15551290.16
6290 15549765.46
6291 15551352.00
6292 15546124.21
6293 15544596.24
6294 15546180.00
6295 15540946.26
6296 15539415.02
6297 15540996.00
6298 15535756.29
6299 15534221.80
6300 15535800.00
6301 15530554.33
6302 15529016.57
6303 15530592.00
6304 15525340.36
6305 15523799.34
6306 15525372.00
6307 15520114.38
6308 15518570.10
6309 15520140.00
6310 15514876.40
6311 15513328.87
6312 15514896.00
6313 15509626.41
6314 15508075.63
6315 15509640.00
6316 15504364.42
6317 15502810.39
6318 15504372.00
6319 15499090.43
6320 15497533.14
6321 15499092.00
6322 15493804.43
6323 15492243.89
6324 15493800.00
6325 15488506.42
6326 15486942.64
6327 15488496.00
6328 15483196.41
6329 15481629.39
6330 15483180.00
6331 15477874.40
6332 15476304.13
6333 15477852.00
6334 15472540.38
6335 15470966.88
6336 15472512.00
6337 15467194.35
6338 15465617.61
6339 15467160.00
6340 15461836.32
6341 15460256.35
6342 15461796.00
6343 15456466.29
6344 15454883.08
6345 15456420.00
6346 15451084.25
6347 15449497.81
6348 15451032.00
6349 15445690.20
6350 15444100.54
6351 15445632.00
6352 15440284.15
6353 15438691.26
6354 15440220.00
6355 15434866.10
6356 15433269.98
6357 15434796.00
6358 15429436.04
6359 15427836.70
6360 15429360.00
6361 15423993.98
6362 15422391.42
6363 15423912.00
6364 15418539.91
6365 15416934.13
6366 15418452.00
6367 15413073.83
6368 15411464.84
6369 15412980.00
6370 15407595.75
6371 15405983.55
6372 15407496.00
6373 15402105.67
6374 15400490.25
6375 15402000.00
6376 15396603.58
6377 15394984.95
6378 15396492.00
6379 15391089.49
6380 15389467.65
6381 15390972.00
6382 15385563.39
6383 15383938.35
6384 15385440.00
6385 15380025.28
6386 15378397.04
6387 15379896.00
6388 15374475.17
6389 15372843.73
6390 15374340.00
6391 15368913.06
6392 15367278.42
6393 15368772.00
6394 15363338.94
6395 15361701.10
6396 15363192.00
6397 15357752.82
6398 15356111.78
6399 15357600.00
6400 15352154.69
6401 15350510.46
6402 15351996.00
6403 15346544.56
6404 15344897.14
6405 15346380.00
6406 15340922.42
6407 15339271.81
6408 15340752.00
6409 15335288.27
6410 15333634.48
6411 15335112.00
6412 15329642.12
6413 15327985.15
6414 15329460.00
6415 15323983.97
6416 15322323.81
6417 15323796.00
6418 15318313.81
6419 15316650.47
6420 15318120.00
6421 15312631.65
6422 15310965.13
6423 15312432.00
6424 15306937.48
6425 15305267.79
6426 15306732.00
6427 15301231.30
6428 15299558.44
6429 15301020.00
6430 15295513.12
6431 15293837.09
6432 15295296.00
6433 15289782.94
6434 15288103.74
6435 15289560.00
6436 15284040.75
6437 15282358.39
6438 15283812.00
6439 15278286.56
6440 15276601.03
6441 15278052.00
6442 15272520.36
6443 15270831.67
6444 15272280.00
6445 15266742.15
6446 15265050.30
6447 15266496.00
6448 15260951.94
6449 15259256.94
6450 15260700.00
6451 15255149.73
6452 15253451.57
6453 15254892.00
6454 15249335.51
6455 15247634.20
6456 15249072.00
6457 15243509.29
6458 15241804.82
6459 15243240.00
6460 15237671.06
6461 15235963.45
6462 15237396.00
6463 15231820.82
6464 15230110.07
6465 15231540.00
6466 15225958.58
6467 15224244.68
6468 15225672.00
6469 15220084.34
6470 15218367.30
6471 15219792.00
6472 15214198.09
6473 15212477.91
6474 15213900.00
6475 15208299.83
6476 15206576.52
6477 15207996.00
6478 15202389.57
6479 15200663.12
6480 15202080.00
6481 15196467.30
6482 15194737.73
6483 15196152.00
6484 15190533.03
6485 15188800.33
6486 15190212.00
6487 15184586.76
6488 15182850.93
6489 15184260.00
6490 15178628.48
6491 15176889.52
6492 15178296.00
6493 15172658.19
6494 15170916.11
6495 15172320.00
6496 15166675.90
6497 15164930.70
6498 15166332.00
6499 15160681.60
6500 15158933.29
6501 15160332.00
6502 15154675.30
6503 15152923.87
6504 15154320.00
6505 15148657.00
6506 15146902.45
6507 15148296.00
6508 15142626.69
6509 15140869.03
6510 15142260.00
6511 15136584.37
6512 15134823.61
6513 15136212.00
6514 15130530.05
6515 15128766.18
6516 15130152.00
6517 15124463.72
6518 15122696.75
6519 15124080.00
6520 15118385.39
6521 15116615.32
6522 15117996.00
6523 15112295.05
6524 15110521.88
6525 15111900.00
6526 15106192.71
6527 15104416.45
6528 15105792.00
6529 15100078.36
6530 15098299.00
6531 15099672.00
6532 15093952.01
6533 15092169.56
6534 15093540.00
6535 15087813.65
6536 15086028.11
6537 15087396.00
6538 15081663.29
6539 15079874.66
6540 15081240.00
6541 15075500.92
6542 15073709.21
6543 15075072.00
6544 15069326.54
6545 15067531.76
6546 15068892.00
6547 15063140.16
6548 15061342.30
6549 15062700.00
6550 15056941.78
6551 15055140.84
6552 15056496.00
6553 15050731.39
6554 15048927.38
6555 15050280.00
6556 15044509.00
6557 15042701.91
6558 15044052.00
6559 15038274.60
6560 15036464.44
6561 15037812.00
6562 15032028.19
6563 15030214.97
6564 15031560.00
6565 15025769.78
6566 15023953.50
6567 15025296.00
6568 15019499.37
6569 15017680.02
6570 15019020.00
6571 15013216.94
6572 15011394.54
6573 15012732.00
6574 15006922.52
6575 15005097.06
6576 15006432.00
6577 15000616.09
6578 14998787.57
6579 15000120.00
6580 14994297.65
6581 14992466.09
6582 14993796.00
6583 14987967.21
6584 14986132.60
6585 14987460.00
6586 14981624.76
6587 14979787.10
6588 14981112.00
6589 14975270.31
6590 14973429.61
6591 14974752.00
6592 14968903.85
6593 14967060.11
6594 14968380.00
6595 14962525.39
6596 14960678.61
6597 14961996.00
6598 14956134.92
6599 14954285.10
6600 14955600.00
6601 14949732.45
6602 14947879.60
6603 14949192.00
6604 14943317.97
6605 14941462.09
6606 14942772.00
6607 14936891.48
6608 14935032.58
6609 14936340.00
6610 14930453.00
6611 14928591.06
6612 14929896.00
6613 14924002.50
6614 14922137.54
6615 14923440.00
6616 14917540.00
6617 14915672.02
6618 14916972.00
6619 14911065.50
6620 14909194.50
6621 14910492.00
6622 14904578.98
6623 14902704.97
6624 14904000.00
6625 14898080.47
6626 14896203.44
6627 14897496.00
6628 14891569.95
6629 14889689.91
6630 14890980.00
6631 14885047.42
6632 14883164.38
6633 14884452.00
6634 14878512.89
6635 14876626.84
6636 14877912.00
6637 14871966.35
6638 14870077.30
6639 14871360.00
6640 14865407.81
6641 14863515.76
6642 14864796.00
6643 14858837.26
6644 14856942.22
6645 14858220.00
6646 14852254.71
6647 14850356.67
6648 14851632.00
6649 14845660.15
6650 14843759.12
6651 14845032.00
6652 14839053.58
6653 14837149.57
6654 14838420.00
6655 14832435.01
6656 14830528.01
6657 14831796.00
6658 14825804.44
6659 14823894.45
6660 14825160.00
6661 14819161.86
6662 14817248.89
6663 14818512.00
6664 14812507.27
6665 14810591.33
6666 14811852.00
6667 14805840.68
6668 14803921.76
6669 14805180.00
6670 14799162.09
6671 14797240.19
6672 14798496.00
6673 14792471.48
6674 14790546.62
6675 14791800.00
6676 14785768.88
6677 14783841.04
6678 14785092.00
6679 14779054.26
6680 14777123.47
6681 14778372.00
6682 14772327.65
6683 14770393.89
6684 14771640.00
6685 14765589.02
6686 14763652.30
6687 14764896.00
6688 14758838.39
6689 14756898.72
6690 14758140.00
6691 14752075.76
6692 14750133.13
6693 14751372.00
6694 14745301.12
6695 14743355.54
6696 14744592.00
6697 14738514.47
6698 14736565.95
6699 14737800.00
6700 14731715.82
6701 14729764.35
6702 14730996.00
6703 14724905.17
6704 14722950.75
6705 14724180.00
6706 14718082.51
6707 14716125.15
6708 14717352.00
6709 14711247.84
6710 14709287.55
6711 14710512.00
6712 14704401.17
6713 14702437.94
6714 14703660.00
6715 14697542.49
6716 14695576.33
6717 14696796.00
6718 14690671.80
6719 14688702.72
6720 14689920.00
6721 14683789.12
6722 14681817.10
6723 14683032.00
6724 14676894.42
6725 14674919.49
6726 14676132.00
6727 14669987.72
6728 14668009.87
6729 14669220.00
6730 14663069.02
6731 14661088.24
6732 14662296.00
6733 14656138.30
6734 14654154.62
6735 14655360.00
6736 14649195.59
6737 14647208.99
6738 14648412.00
6739 14642240.87
6740 14640251.36
6741 14641452.00
6742 14635274.14
6743 14633281.72
6744 14634480.00
6745 14628295.40
6746 14626300.09
6747 14627496.00
6748 14621304.67
6749 14619306.45
6750 14620500.00
6751 14614301.92
6752 14612300.81
6753 14613492.00
6754 14607287.17
6755 14605283.16
6756 14606472.00
6757 14600260.42
6758 14598253.52
6759 14599440.00
6760 14593221.66
6761 14591211.87
6762 14592396.00
6763 14586170.89
6764 14584158.22
6765 14585340.00
6766 14579108.12
6767 14577092.56
6768 14578272.00
6769 14572033.34
6770 14570014.90
6771 14571192.00
6772 14564946.56
6773 14562925.24
6774 14564100.00
6775 14557847.77
6776 14555823.58
6777 14556996.00
6778 14550736.97
6779 14548709.91
6780 14549880.00
6781 14543614.18
6782 14541584.25
6783 14542752.00
6784 14536479.37
6785 14534446.58
6786 14535612.00
6787 14529332.56
6788 14527296.90
6789 14528460.00
6790 14522173.74
6791 14520135.23
6792 14521296.00
6793 14515002.92
6794 14512961.55
6795 14514120.00
6796 14507820.09
6797 14505775.87
6798 14506932.00
6799 14500625.26
6800 14498578.18
6801 14499732.00
6802 14493418.42
6803 14491368.49
6804 14492520.00
6805 14486199.57
6806 14484146.81
6807 14485296.00
6808 14478968.72
6809 14476913.11
6810 14478060.00
6811 14471725.87
6812 14469667.42
6813 14470812.00
6814 14464471.01
6815 14462409.72
6816 14463552.00
6817 14457204.14
6818 14455140.02
6819 14456280.00
6820 14449925.27
6821 14447858.32
6822 14448996.00
6823 14442634.39
6824 14440564.61
6825 14441700.00
6826 14435331.50
6827 14433258.91
6828 14434392.00
6829 14428016.61
6830 14425941.19
6831 14427072.00
6832 14420689.72
6833 14418611.48
6834 14419740.00
6835 14413350.82
6836 14411269.77
6837 14412396.00
6838 14405999.91
6839 14403916.05
6840 14405040.00
6841 14398637.00
6842 14396550.33
6843 14397672.00
6844 14391262.08
6845 14389172.60
6846 14390292.00
6847 14383875.16
6848 14381782.88
6849 14382900.00
6850 14376476.23
6851 14374381.15
6852 14375496.00
6853 14369065.29
6854 14366967.42
6855 14368080.00
6856 14361642.35
6857 14359541.68
6858 14360652.00
6859 14354207.40
6860 14352103.95
6861 14353212.00
6862 14346760.45
6863 14344654.21
6864 14345760.00
6865 14339301.49
6866 14337192.46
6867 14338296.00
6868 14331830.53
6869 14329718.72
6870 14330820.00
6871 14324347.56
6872 14322232.97
6873 14323332.00
6874 14316852.58
6875 14314735.22
6876 14315832.00
6877 14309345.60
6878 14307225.47
6879 14308320.00
6880 14301826.61
6881 14299703.71
6882 14300796.00
6883 14294295.62
6884 14292169.96
6885 14293260.00
6886 14286752.62
6887 14284624.20
6888 14285712.00
6889 14279197.62
6890 14277066.43
6891 14278152.00
6892 14271630.61
6893 14269496.67
6894 14270580.00
6895 14264051.59
6896 14261914.90
6897 14262996.00
6898 14256460.57
6899 14254321.13
6900 14255400.00
6901 14248857.54
6902 14246715.36
6903 14247792.00
6904 14241242.51
6905 14239097.58
6906 14240172.00
6907 14233615.47
6908 14231467.80
6909 14232540.00
6910 14225976.42
6911 14223826.02
6912 14224896.00
6913 14218325.37
6914 14216172.24
6915 14217240.00
6916 14210662.32
6917 14208506.45
6918 14209572.00
6919 14202987.25
6920 14200828.66
6921 14201892.00
6922 14195300.19
6923 14193138.87
6924 14194200.00
6925 14187601.11
6926 14185437.07
6927 14186496.00
6928 14179890.03
6929 14177723.28
6930 14178780.00
6931 14172166.94
6932 14169997.48
6933 14171052.00
6934 14164431.85
6935 14162259.68
6936 14163312.00
6937 14156684.76
6938 14154509.87
6939 14155560.00
6940 14148925.65
6941 14146748.06
6942 14147796.00
6943 14141154.54
6944 14138974.25
6945 14140020.00
6946 14133371.43
6947 14131188.44
6948 14132232.00
6949 14125576.31
6950 14123390.63
6951 14124432.00
6952 14117769.18
6953 14115580.81
6954 14116620.00
6955 14109950.05
6956 14107758.99
6957 14108796.00
6958 14102118.91
6959 14099925.17
6960 14100960.00
6961 14094275.76
6962 14092079.34
6963 14093112.00
6964 14086420.61
6965 14084221.51
6966 14085252.00
6967 14078553.45
6968 14076351.68
6969 14077380.00
6970 14070674.29
6971 14068469.85
6972 14069496.00
6973 14062783.12
6974 14060576.01
6975 14061600.00
6976 14054879.95
6977 14052670.17
6978 14053692.00
6979 14046964.77
6980 14044752.33
6981 14045772.00
6982 14039037.58
6983 14036822.49
6984 14037840.00
6985 14031098.39
6986 14028880.64
6987 14029896.00
6988 14023147.19
6989 14020926.80
6990 14021940.00
6991 14015183.99
6992 14012960.94
6993 14013972.00
6994 14007208.78
6995 14004983.09
6996 14005992.00
6997 13999221.56
6998 13996993.23
6999 13998000.00
7000 13991222.34
7001 13988991.38
7002 13989996.00
7003 13983211.11
7004 13980977.51
7005 13981980.00
7006 13975187.87
7007 13972951.65
7008 13973952.00
7009 13967152.63
7010 13964913.78
7011 13965912.00
7012 13959105.39
7013 13956863.91
7014 13957860.00
7015 13951046.14
7016 13948802.04
7017 13949796.00
7018 13942974.88
7019 13940728.17
7020 13941720.00
7021 13934891.61
7022 13932642.29
7023 13933632.00
7024 13926796.34
7025 13924544.41
7026 13925532.00
7027 13918689.07
7028 13916434.53
7029 13917420.00
7030 13910569.78
7031 13908312.65
7032 13909296.00
7033 13902438.49
7034 13900178.76
7035 13901160.00
7036 13894295.20
7037 13892032.87
7038 13893012.00
7039 13886139.90
7040 13883874.98
7041 13884852.00
7042 13877972.59
7043 13875705.08
7044 13876680.00
7045 13869793.28
7046 13867523.18
7047 13868496.00
7048 13861601.96
7049 13859329.29
7050 13860300.00
7051 13853398.63
7052 13851123.38
7053 13852092.00
7054 13845183.30
7055 13842905.48
7056 13843872.00
7057 13836955.97
7058 13834675.57
7059 13835640.00
7060 13828716.62
7061 13826433.66
7062 13827396.00
7063 13820465.27
7064 13818179.75
7065 13819140.00
7066 13812201.92
7067 13809913.83
7068 13810872.00
7069 13803926.56
7070 13801635.91
7071 13802592.00
7072 13795639.19
7073 13793345.99
7074 13794300.00
7075 13787339.81
7076 13785044.07
7077 13785996.00
7078 13779028.43
7079 13776730.15
7080 13777680.00
7081 13770705.05
7082 13768404.22
7083 13769352.00
7084 13762369.65
7085 13760066.29
7086 13761012.00
7087 13754022.25
7088 13751716.35
7089 13752660.00
7090 13745662.85
7091 13743354.42
7092 13744296.00
7093 13737291.44
7094 13734980.48
7095 13735920.00
7096 13728908.02
7097 13726594.54
7098 13727532.00
7099 13720512.60
7100 13718196.60
7101 13719132.00
7102 13712105.17
7103 13709786.65
7104 13710720.00
7105 13703685.73
7106 13701364.70
7107 13702296.00
7108 13695254.29
7109 13692930.75
7110 13693860.00
7111 13686810.84
7112 13684484.80
7113 13685412.00
7114 13678355.39
7115 13676026.84
7116 13676952.00
7117 13669887.93
7118 13667556.89
7119 13668480.00
7120 13661408.46
7121 13659074.92
7122 13659996.00
7123 13652916.98
7124 13650580.96
7125 13651500.00
7126 13644413.51
7127 13642075.00
7128 13642992.00
7129 13635898.02
7130 13633557.03
7131 13634472.00
7132 13627370.53
7133 13625027.06
7134 13625940.00
7135 13618831.03
7136 13616485.08
7137 13617396.00
7138 13610279.52
7139 13607931.11
7140 13608840.00
7141 13601716.01
7142 13599365.13
7143 13600272.00
7144 13593140.50
7145 13590787.15
7146 13591692.00
7147 13584552.97
7148 13582197.16
7149 13583100.00
7150 13575953.44
7151 13573595.18
7152 13574496.00
7153 13567341.91
7154 13564981.19
7155 13565880.00
7156 13558718.36
7157 13556355.20
7158 13557252.00
7159 13550082.81
7160 13547717.20
7161 13548612.00
7162 13541435.26
7163 13539067.21
7164 13539960.00
7165 13532775.70
7166 13530405.21
7167 13531296.00
7168 13524104.13
7169 13521731.21
7170 13522620.00
7171 13515420.56
7172 13513045.20
7173 13513932.00
7174 13506724.97
7175 13504347.20
7176 13505232.00
7177 13498017.39
7178 13495637.19
7179 13496520.00
7180 13489297.79
7181 13486915.18
7182 13487796.00
7183 13480566.19
7184 13478181.16
7185 13479060.00
7186 13471822.59
7187 13469435.15
7188 13470312.00
7189 13463066.98
7190 13460677.13
7191 13461552.00
7192 13454299.36
7193 13451907.11
7194 13452780.00
7195 13445519.73
7196 13443125.08
7197 13443996.00
7198 13436728.10
7199 13434331.06
7200 13435200.00
7201 13427924.46
7202 13425525.03
7203 13426392.00
7204 13419108.82
7205 13416707.00
7206 13417572.00
7207 13410281.17
7208 13407876.96
7209 13408740.00
7210 13401441.51
7211 13399034.93
7212 13399896.00
7213 13392589.84
7214 13390180.89
7215 13391040.00
7216 13383726.17
7217 13381314.85
7218 13382172.00
7219 13374850.50
7220 13372436.80
7221 13373292.00
7222 13365962.81
7223 13363546.76
7224 13364400.00
7225 13357063.12
7226 13354644.71
7227 13355496.00
7228 13348151.43
7229 13345730.66
7230 13346580.00
7231 13339227.72
7232 13336804.60
7233 13337652.00
7234 13330292.01
7235 13327866.55
7236 13328712.00
7237 13321344.30
7238 13318916.49
7239 13319760.00
7240 13312384.58
7241 13309954.43
7242 13310796.00
7243 13303412.85
7244 13300980.37
7245 13301820.00
7246 13294429.11
7247 13291994.30
7248 13292832.00
7249 13285433.37
7250 13282996.23
7251 13283832.00
7252 13276425.62
7253 13273986.16
7254 13274820.00
7255 13267405.87
7256 13264964.09
7257 13265796.00
7258 13258374.11
7259 13255930.01
7260 13256760.00
7261 13249330.34
7262 13246883.93
7263 13247712.00
7264 13240274.56
7265 13237825.85
7266 13238652.00
7267 13231206.78
7268 13228755.77
7269 13229580.00
7270 13222126.99
7271 13219673.68
7272 13220496.00
7273 13213035.20
7274 13210579.59
7275 13211400.00
7276 13203931.40
7277 13201473.50
7278 13202292.00
7279 13194815.59
7280 13192355.41
7281 13193172.00
7282 13185687.78
7283 13183225.31
7284 13184040.00
7285 13176547.95
7286 13174083.21
7287 13174896.00
7288 13167396.13
7289 13164929.11
7290 13165740.00
7291 13158232.29
7292 13155763.01
7293 13156572.00
7294 13149056.45
7295 13146584.90
7296 13147392.00
7297 13139868.60
7298 13137394.80
7299 13138200.00
7300 13130668.75
7301 13128192.69
7302 13128996.00
7303 13121456.89
7304 13118978.57
7305 13119780.00
7306 13112233.02
7307 13109752.46
7308 13110552.00
7309 13102997.15
7310 13100514.34
7311 13101312.00
7312 13093749.27
7313 13091264.22
7314 13092060.00
7315 13084489.38
7316 13082002.10
7317 13082796.00
7318 13075217.49
7319 13072727.97
7320 13073520.00
7321 13065933.58
7322 13063441.84
7323 13064232.00
7324 13056637.68
7325 13054143.71
7326 13054932.00
7327 13047329.76
7328 13044833.58
7329 13045620.00
7330 13038009.84
7331 13035511.44
7332 13036296.00
7333 13028677.91
7334 13026177.31
7335 13026960.00
7336 13019333.98
7337 13016831.17
7338 13017612.00
7339 13009978.04
7340 13007473.02
7341 13008252.00
7342 13000610.09
7343 12998102.88
7344 12998880.00
7345 12991230.13
7346 12988720.73
7347 12989496.00
7348 12981838.17
7349 12979326.58
7350 12980100.00
7351 12972434.20
7352 12969920.43
7353 12970692.00
7354 12963018.23
7355 12960502.27
7356 12961272.00
7357 12953590.25
7358 12951072.12
7359 12951840.00
7360 12944150.26
7361 12941629.96
7362 12942396.00
7363 12934698.26
7364 12932175.79
7365 12932940.00
7366 12925234.26
7367 12922709.63
7368 12923472.00
7369 12915758.25
7370 12913231.46
7371 12913992.00
7372 12906270.23
7373 12903741.29
7374 12904500.00
7375 12896770.21
7376 12894239.12
7377 12894996.00
7378 12887258.18
7379 12884724.95
7380 12885480.00
7381 12877734.14
7382 12875198.77
7383 12875952.00
7384 12868198.10
7385 12865660.59
7386 12866412.00
7387 12858650.05
7388 12856110.41
7389 12856860.00
7390 12849089.99
7391 12846548.22
7392 12847296.00
7393 12839517.93
7394 12836974.04
7395 12837720.00
7396 12829933.86
7397 12827387.85
7398 12828132.00
7399 12820337.78
7400 12817789.66
7401 12818532.00
7402 12810729.69
7403 12808179.46
7404 12808920.00
7405 12801109.60
7406 12798557.27
7407 12799296.00
7408 12791477.50
7409 12788923.07
7410 12789660.00
7411 12781833.40
7412 12779276.87
7413 12780012.00
7414 12772177.28
7415 12769618.66
7416 12770352.00
7417 12762509.16
7418 12759948.46
7419 12760680.00
7420 12752829.04
7421 12750266.25
7422 12750996.00
7423 12743136.90
7424 12740572.04
7425 12741300.00
7426 12733432.76
7427 12730865.83
7428 12731592.00
7429 12723716.61
7430 12721147.61
7431 12721872.00
7432 12713988.46
7433 12711417.39
7434 12712140.00
7435 12704248.30
7436 12701675.17
7437 12702396.00
7438 12694496.13
7439 12691920.95
7440 12692640.00
7441 12684731.95
7442 12682154.72
7443 12682872.00
7444 12674955.77
7445 12672376.49
7446 12673092.00
7447 12665167.58
7448 12662586.26
7449 12663300.00
7450 12655367.38
7451 12652784.03
7452 12653496.00
7453 12645555.18
7454 12642969.80
7455 12643680.00
7456 12635730.97
7457 12633143.56
7458 12633852.00
7459 12625894.75
7460 12623305.32
7461 12624012.00
7462 12616046.52
7463 12613455.08
7464 12614160.00
7465 12606186.29
7466 12603592.83
7467 12604296.00
7468 12596314.05
7469 12593718.58
7470 12594420.00
7471 12586429.81
7472 12583832.34
7473 12584532.00
7474 12576533.55
7475 12573934.08
7476 12574632.00
7477 12566625.29
7478 12564023.83
7479 12564720.00
7480 12556705.02
7481 12554101.57
7482 12554796.00
7483 12546772.75
7484 12544167.31
7485 12544860.00
7486 12536828.47
7487 12534221.05
7488 12534912.00
7489 12526872.18
7490 12524262.79
7491 12524952.00
7492 12516903.88
7493 12514292.52
7494 12514980.00
7495 12506923.58
7496 12504310.25
7497 12504996.00
7498 12496931.27
7499 12494315.98
7500 12495000.00
7501 12486926.95
7502 12484309.71
7503 12484992.00
7504 12476910.62
7505 12474291.43
7506 12474972.00
7507 12466882.29
7508 12464261.15
7509 12464940.00
7510 12456841.95
7511 12454218.87
7512 12454896.00
7513 12446789.60
7514 12444164.59
7515 12444840.00
7516 12436725.25
7517 12434098.30
7518 12434772.00
7519 12426648.89
7520 12424020.02
7521 12424692.00
7522 12416560.52
7523 12413929.72
7524 12414600.00
7525 12406460.14
7526 12403827.43
7527 12404496.00
7528 12396347.76
7529 12393713.14
7530 12394380.00
7531 12386223.37
7532 12383586.84
7533 12384252.00
7534 12376086.97
7535 12373448.54
7536 12374112.00
7537 12365938.57
7538 12363298.24
7539 12363960.00
7540 12355778.16
7541 12353135.93
7542 12353796.00
7543 12345605.74
7544 12342961.63
7545 12343620.00
7546 12335421.31
7547 12332775.32
7548 12333432.00
7549 12325224.87
7550 12322577.00
7551 12323232.00
7552 12315016.43
7553 12312366.69
7554 12313020.00
7555 12304795.98
7556 12302144.37
7557 12302796.00
7558 12294563.53
7559 12291910.05
7560 12292560.00
7561 12284319.06
7562 12281663.73
7563 12282312.00
7564 12274062.59
7565 12271405.41
7566 12272052.00
7567 12263794.11
7568 12261135.08
7569 12261780.00
7570 12253513.63
7571 12250852.75
7572 12251496.00
7573 12243221.13
7574 12240558.42
7575 12241200.00
7576 12232916.63
7577 12230252.09
7578 12230892.00
7579 12222600.13
7580 12219933.75
7581 12220572.00
7582 12212271.61
7583 12209603.42
7584 12210240.00
7585 12201931.09
7586 12199261.08
7587 12199896.00
7588 12191578.56
7589 12188906.73
7590 12189540.00
7591 12181214.02
7592 12178540.39
7593 12179172.00
7594 12170837.47
7595 12168162.04
7596 12168792.00
7597 12160448.92
7598 12157771.69
7599 12158400.00
7600 12150048.36
7601 12147369.34
7602 12147996.00
7603 12139635.79
7604 12136954.98
7605 12137580.00
7606 12129211.22
7607 12126528.63
7608 12127152.00
7609 12118774.63
7610 12116090.27
7611 12116712.00
7612 12108326.04
7613 12105639.91
7614 12106260.00
7615 12097865.44
7616 12095177.54
7617 12095796.00
7618 12087392.84
7619 12084703.17
7620 12085320.00
7621 12076908.23
7622 12074216.81
7623 12074832.00
7624 12066411.60
7625 12063718.43
7626 12064332.00
7627 12055902.98
7628 12053208.06
7629 12053820.00
7630 12045382.34
7631 12042685.69
7632 12043296.00
7633 12034849.70
7634 12032151.31
7635 12032760.00
7636 12024305.05
7637 12021604.93
7638 12022212.00
7639 12013748.39
7640 12011046.54
7641 12011652.00
7642 12003179.72
7643 12000476.16
7644 12001080.00
7645 11992599.05
7646 11989893.77
7647 11990496.00
7648 11982006.37
7649 11979299.38
7650 11979900.00
7651 11971401.68
7652 11968692.99
7653 11969292.00
7654 11960784.98
7655 11958074.59
7656 11958672.00
7657 11950156.27
7658 11947444.20
7659 11948040.00
7660 11939515.56
7661 11936801.80
7662 11937396.00
7663 11928862.84
7664 11926147.39
7665 11926740.00
7666 11918198.11
7667 11915480.99
7668 11916072.00
7669 11907521.38
7670 11904802.58
7671 11905392.00
7672 11896832.64
7673 11894112.18
7674 11894700.00
7675 11886131.89
7676 11883409.76
7677 11883996.00
7678 11875419.13
7679 11872695.35
7680 11873280.00
7681 11864694.36
7682 11861968.93
7683 11862552.00
7684 11853957.59
7685 11851230.52
7686 11851812.00
7687 11843208.80
7688 11840480.10
7689 11841060.00
7690 11832448.02
7691 11829717.67
7692 11830296.00
7693 11821675.22
7694 11818943.25
7695 11819520.00
7696 11810890.41
7697 11808156.82
7698 11808732.00
7699 11800093.60
7700 11797358.39
7701 11797932.00
7702 11789284.78
7703 11786547.96
7704 11787120.00
7705 11778463.95
7706 11775725.52
7707 11776296.00
7708 11767631.11
7709 11764891.09
7710 11765460.00
7711 11756786.27
7712 11754044.65
7713 11754612.00
7714 11745929.42
7715 11743186.21
7716 11743752.00
7717 11735060.56
7718 11732315.76
7719 11732880.00
7720 11724179.69
7721 11721433.32
7722 11721996.00
7723 11713286.81
7724 11710538.87
7725 11711100.00
7726 11702381.93
7727 11699632.42
7728 11700192.00
7729 11691465.04
7730 11688713.96
7731 11689272.00
7732 11680536.14
7733 11677783.51
7734 11678340.00
7735 11669595.23
7736 11666841.05
7737 11667396.00
7738 11658642.31
7739 11655886.59
7740 11656440.00
7741 11647677.39
7742 11644920.13
7743 11645472.00
7744 11636700.46
7745 11633941.66
7746 11634492.00
7747 11625711.52
7748 11622951.19
7749 11623500.00
7750 11614710.57
7751 11611948.72
7752 11612496.00
7753 11603697.62
7754 11600934.25
7755 11601480.00
7756 11592672.65
7757 11589907.78
7758 11590452.00
7759 11581635.68
7760 11578869.30
7761 11579412.00
7762 11570586.70
7763 11567818.82
7764 11568360.00
7765 11559525.72
7766 11556756.34
7767 11557296.00
7768 11548452.72
7769 11545681.86
7770 11546220.00
7771 11537367.72
7772 11534595.37
7773 11535132.00
7774 11526270.70
7775 11523496.88
7776 11524032.00
7777 11515161.68
7778 11512386.39
7779 11512920.00
7780 11504040.66
7781 11501263.90
7782 11501796.00
7783 11492907.62
7784 11490129.41
7785 11490660.00
7786 11481762.58
7787 11478982.91
7788 11479512.00
7789 11470605.52
7790 11467824.41
7791 11468352.00
7792 11459436.46
7793 11456653.91
7794 11457180.00
7795 11448255.39
7796 11445471.40
7797 11445996.00
7798 11437062.32
7799 11434276.90
7800 11434800.00
7801 11425857.23
7802 11423070.39
7803 11423592.00
7804 11414640.14
7805 11411851.88
7806 11412372.00
7807 11403411.04
7808 11400621.36
7809 11401140.00
7810 11392169.93
7811 11389378.85
7812 11389896.00
7813 11380916.81
7814 11378124.33
7815 11378640.00
7816 11369651.69
7817 11366857.81
7818 11367372.00
7819 11358374.55
7820 11355579.29
7821 11356092.00
7822 11347085.41
7823 11344288.76
7824 11344800.00
7825 11335784.26
7826 11332986.23
7827 11333496.00
7828 11324471.10
7829 11321671.70
7830 11322180.00
7831 11313145.93
7832 11310345.17
7833 11310852.00
7834 11301808.76
7835 11299006.64
7836 11299512.00
7837 11290459.57
7838 11287656.10
7839 11288160.00
7840 11279098.38
7841 11276293.56
7842 11276796.00
7843 11267725.18
7844 11264919.02
7845 11265420.00
7846 11256339.97
7847 11253532.48
7848 11254032.00
7849 11244942.75
7850 11242133.93
7851 11242632.00
7852 11233533.53
7853 11230723.38
7854 11231220.00
7855 11222112.29
7856 11219300.83
7857 11219796.00
7858 11210679.05
7859 11207866.28
7860 11208360.00
7861 11199233.80
7862 11196419.73
7863 11196912.00
7864 11187776.54
7865 11184961.17
7866 11185452.00
7867 11176307.27
7868 11173490.61
7869 11173980.00
7870 11164826.00
7871 11162008.05
7872 11162496.00
7873 11153332.71
7874 11150513.48
7875 11151000.00
7876 11141827.42
7877 11139006.92
7878 11139492.00
7879 11130310.12
7880 11127488.35
7881 11127972.00
7882 11118780.81
7883 11115957.78
7884 11116440.00
7885 11107239.49
7886 11104415.21
7887 11104896.00
7888 11095686.16
7889 11092860.63
7890 11093340.00
7891 11084120.83
7892 11081294.05
7893 11081772.00
7894 11072543.48
7895 11069715.47
7896 11070192.00
7897 11060954.13
7898 11058124.89
7899 11058600.00
7900 11049352.77
7901 11046522.31
7902 11046996.00
7903 11037739.40
7904 11034907.72
7905 11035380.00
7906 11026114.02
7907 11023281.13
7908 11023752.00
7909 11014476.64
7910 11011642.54
7911 11012112.00
7912 11002827.24
7913 10999991.94
7914 11000460.00
7915 10991165.84
7916 10988329.35
7917 10988796.00
7918 10979492.42
7919 10976654.75
7920 10977120.00
7921 10967807.00
7922 10964968.15
7923 10965432.00
7924 10956109.57
7925 10953269.55
7926 10953732.00
7927 10944400.13
7928 10941558.94
7929 10942020.00
7930 10932678.69
7931 10929836.34
7932 10930296.00
7933 10920945.23
7934 10918101.73
7935 10918560.00
7936 10909199.77
7937 10906355.11
7938 10906812.00
7939 10897442.29
7940 10894596.50
7941 10895052.00
7942 10885672.81
7943 10882825.88
7944 10883280.00
7945 10873891.32
7946 10871043.26
7947 10871496.00
7948 10862097.82
7949 10859248.64
7950 10859700.00
7951 10850292.31
7952 10847442.02
7953 10847892.00
7954 10838474.79
7955 10835623.40
7956 10836072.00
7957 10826645.27
7958 10823792.77
7959 10824240.00
7960 10814803.73
7961 10811950.14
7962 10812396.00
7963 10802950.19
7964 10800095.51
7965 10800540.00
7966 10791084.64
7967 10788228.87
7968 10788672.00
7969 10779207.07
7970 10776350.23
7971 10776792.00
7972 10767317.50
7973 10764459.60
7974 10764900.00
7975 10755415.93
7976 10752556.95
7977 10752996.00
7978 10743502.34
7979 10740642.31
7980 10741080.00
7981 10731576.74
7982 10728715.66
7983 10729152.00
7984 10719639.13
7985 10716777.02
7986 10717212.00
7987 10707689.52
7988 10704826.37
7989 10705260.00
7990 10695727.90
7991 10692863.71
7992 10693296.00
7993 10683754.26
7994 10680889.06
7995 10681320.00
7996 10671768.62
7997 10668902.40
7998 10669332.00
7999 10659770.97
8000 10656903.74
8001 10657332.00
8002 10647761.31
8003 10644893.08
8004 10645320.00
8005 10635739.64
8006 10632870.42
8007 10633296.00
8008 10623705.97
8009 10620835.75
8010 10621260.00
8011 10611660.28
8012 10608789.08
8013 10609212.00
8014 10599602.58
8015 10596730.41
8016 10597152.00
8017 10587532.88
8018 10584659.74
8019 10585080.00
8020 10575451.16
8021 10572577.07
8022 10572996.00
8023 10563357.44
8024 10560482.39
8025 10560900.00
8026 10551251.71
8027 10548375.71
8028 10548792.00
8029 10539133.97
8030 10536257.03
8031 10536672.00
8032 10527004.22
8033 10524126.34
8034 10524540.00
8035 10514862.46
8036 10511983.66
8037 10512396.00
8038 10502708.69
8039 10499828.97
8040 10500240.00
8041 10490542.91
8042 10487662.28
8043 10488072.00
8044 10478365.12
8045 10475483.58
8046 10475892.00
8047 10466175.33
8048 10463292.89
8049 10463700.00
8050 10453973.52
8051 10451090.19
8052 10451496.00
8053 10441759.71
8054 10438875.49
8055 10439280.00
8056 10429533.88
8057 10426648.79
8058 10427052.00
8059 10417296.05
8060 10414410.09
8061 10414812.00
8062 10405046.21
8063 10402159.38
8064 10402560.00
8065 10392784.36
8066 10389896.67
8067 10390296.00
8068 10380510.50
8069 10377621.96
8070 10378020.00
8071 10368224.63
8072 10365335.25
8073 10365732.00
8074 10355926.75
8075 10353036.53
8076 10353432.00
8077 10343616.86
8078 10340725.82
8079 10341120.00
8080 10331294.96
8081 10328403.10
8082 10328796.00
8083 10318961.05
8084 10316068.37
8085 10316460.00
8086 10306615.13
8087 10303721.65
8088 10304112.00
8089 10294257.21
8090 10291362.92
8091 10291752.00
8092 10281887.27
8093 10278992.19
8094 10279380.00
8095 10269505.33
8096 10266609.46
8097 10266996.00
8098 10257111.37
8099 10254214.73
8100 10254600.00
8101 10244705.41
8102 10241807.99
8103 10242192.00
8104 10232287.43
8105 10229389.26
8106 10229772.00
8107 10219857.45
8108 10216958.52
8109 10217340.00
8110 10207415.46
8111 10204515.78
8112 10204896.00
8113 10194961.45
8114 10192061.03
8115 10192440.00
8116 10182495.44
8117 10179594.29
8118 10179972.00
8119 10170017.42
8120 10167115.54
8121 10167492.00
8122 10157527.39
8123 10154624.79
8124 10155000.00
8125 10145025.35
8126 10142122.03
8127 10142496.00
8128 10132511.30
8129 10129607.28
8130 10129980.00
8131 10119985.24
8132 10117080.52
8133 10117452.00
8134 10107447.17
8135 10104541.76
8136 10104912.00
8137 10094897.09
8138 10091991.00
8139 10092360.00
8140 10082335.00
8141 10079428.23
8142 10079796.00
8143 10069760.90
8144 10066853.47
8145 10067220.00
8146 10057174.80
8147 10054266.70
8148 10054632.00
8149 10044576.68
8150 10041667.93
8151 10042032.00
8152 10031966.55
8153 10029057.16
8154 10029420.00
8155 10019344.41
8156 10016434.38
8157 10016796.00
8158 10006710.27
8159 10003799.60
8160 10004160.00
8161 9994064.11
8162 9991152.82
8163 9991512.00
8164 9981405.94
8165 9978494.04
8166 9978852.00
8167 9968735.77
8168 9965823.26
8169 9966180.00
8170 9956053.58
8171 9953140.47
8172 9953496.00
8173 9943359.38
8174 9940445.68
8175 9940800.00
8176 9930653.18
8177 9927738.89
8178 9928092.00
8179 9917934.96
8180 9915020.10
8181 9915372.00
8182 9905204.74
8183 9902289.31
8184 9902640.00
8185 9892462.50
8186 9889546.51
8187 9889896.00
8188 9879708.26
8189 9876791.71
8190 9877140.00
8191 9866942.00
8192 9864024.91
8193 9864372.00
8194 9854163.74
8195 9851246.10
8196 9851592.00
8197 9841373.46
8198 9838455.30
8199 9838800.00
8200 9828571.18
8201 9825652.49
8202 9825996.00
8203 9815756.88
8204 9812837.68
8205 9813180.00
8206 9802930.57
8207 9800010.87
8208 9800352.00
8209 9790092.26
8210 9787172.05
8211 9787512.00
8212 9777241.93
8213 9774321.23
8214 9774660.00
8215 9764379.60
8216 9761458.42
8217 9761796.00
8218 9751505.25
8219 9748583.59
8220 9748920.00
8221 9738618.90
8222 9735696.77
8223 9736032.00
8224 9725720.53
8225 9722797.95
8226 9723132.00
8227 9712810.16
8228 9709887.12
8229 9710220.00
8230 9699887.77
8231 9696964.29
8232 9697296.00
8233 9686953.37
8234 9684029.45
8235 9684360.00
8236 9674006.97
8237 9671082.62
8238 9671412.00
8239 9661048.55
8240 9658123.78
8241 9658452.00
8242 9648078.12
8243 9645152.94
8244 9645480.00
8245 9635095.69
8246 9632170.10
8247 9632496.00
8248 9622101.24
8249 9619175.26
8250 9619500.00
8251 9609094.78
8252 9606168.42
8253 9606492.00
8254 9596076.31
8255 9593149.57
8256 9593472.00
8257 9583045.84
8258 9580118.72
8259 9580440.00
8260 9570003.35
8261 9567075.87
8262 9567396.00
8263 9556948.85
8264 9554021.01
8265 9554340.00
8266 9543882.34
8267 9540954.16
8268 9541272.00
8269 9530803.82
8270 9527875.30
8271 9528192.00
8272 9517713.29
8273 9514784.44
8274 9515100.00
8275 9504610.75
8276 9501681.57
8277 9501996.00
8278 9491496.20
8279 9488566.71
8280 9488880.00
8281 9478369.64
8282 9475439.84
8283 9475752.00
8284 9465231.06
8285 9462300.97
8286 9462612.00
8287 9452080.48
8288 9449150.10
8289 9449460.00
8290 9438917.89
8291 9435987.23
8292 9436296.00
8293 9425743.29
8294 9422812.35
8295 9423120.00
8296 9412556.67
8297 9409625.47
8298 9409932.00
8299 9399358.05
8300 9396426.59
8301 9396732.00
8302 9386147.41
8303 9383215.71
8304 9383520.00
8305 9372924.77
8306 9369992.83
8307 9370296.00
8308 9359690.11
8309 9356757.94
8310 9357060.00
8311 9346443.44
8312 9343511.05
8313 9343812.00
8314 9333184.77
8315 9330252.16
8316 9330552.00
8317 9319914.08
8318 9316981.27
8319 9317280.00
8320 9306631.38
8321 9303698.37
8322 9303996.00
8323 9293336.67
8324 9290403.47
8325 9290700.00
8326 9280029.95
8327 9277096.57
8328 9277392.00
8329 9266711.22
8330 9263777.67
8331 9264072.00
8332 9253380.48
8333 9250446.77
8334 9250740.00
8335 9240037.72
8336 9237103.86
8337 9237396.00
8338 9226682.96
8339 9223748.95
8340 9224040.00
8341 9213316.19
8342 9210382.04
8343 9210672.00
8344 9199937.40
8345 9197003.13
8346 9197292.00
8347 9186546.61
8348 9183612.22
8349 9183900.00
8350 9173143.80
8351 9170209.30
8352 9170496.00
8353 9159728.98
8354 9156794.38
8355 9157080.00
8356 9146302.15
8357 9143367.46
8358 9143652.00
8359 9132863.31
8360 9129928.54
8361 9130212.00
8362 9119412.46
8363 9116477.61
8364 9116760.00
8365 9105949.60
8366 9103014.68
8367 9103296.00
8368 9092474.73
8369 9089539.75
8370 9089820.00
8371 9078987.84
8372 9076052.82
8373 9076332.00
8374 9065488.95
8375 9062553.89
8376 9062832.00
8377 9051978.04
8378 9049042.95
8379 9049320.00
8380 9038455.13
8381 9035520.01
8382 9035796.00
8383 9024920.20
8384 9021985.07
8385 9022260.00
8386 9011373.26
8387 9008438.13
8388 9008712.00
8389 8997814.31
8390 8994879.18
8391 8995152.00
8392 8984243.35
8393 8981308.24
8394 8981580.00
8395 8970660.37
8396 8967725.29
8397 8967996.00
8398 8957065.39
8399 8954130.34
8400 8954400.00
8401 8943458.40
8402 8940523.38
8403 8940792.00
8404 8929839.39
8405 8926904.43
8406 8927172.00
8407 8916208.37
8408 8913273.47
8409 8913540.00
8410 8902565.34
8411 8899630.51
8412 8899896.00
8413 8888910.30
8414 8885975.55
8415 8886240.00
8416 8875243.25
8417 8872308.58
8418 8872572.00
8419 8861564.19
8420 8858629.62
8421 8858892.00
8422 8847873.11
8423 8844938.65
8424 8845200.00
8425 8834170.03
8426 8831235.68
8427 8831496.00
8428 8820454.93
8429 8817520.71
8430 8817780.00
8431 8806727.82
8432 8803793.73
8433 8804052.00
8434 8792988.70
8435 8790054.75
8436 8790312.00
8437 8779237.57
8438 8776303.77
8439 8776560.00
8440 8765474.43
8441 8762540.79
8442 8762796.00
8443 8751699.27
8444 8748765.81
8445 8749020.00
8446 8737912.11
8447 8734978.82
8448 8735232.00
8449 8724112.93
8450 8721179.84
8451 8721432.00
8452 8710301.74
8453 8707368.85
8454 8707620.00
8455 8696478.54
8456 8693545.86
8457 8693796.00
8458 8682643.32
8459 8679710.86
8460 8679960.00
8461 8668796.10
8462 8665863.87
8463 8666112.00
8464 8654936.86
8465 8652004.87
8466 8652252.00
8467 8641065.62
8468 8638133.87
8469 8638380.00
8470 8627182.36
8471 8624250.86
8472 8624496.00
8473 8613287.09
8474 8610355.86
8475 8610600.00
8476 8599379.80
8477 8596448.85
8478 8596692.00
8479 8585460.51
8480 8582529.84
8481 8582772.00
8482 8571529.20
8483 8568598.83
8484 8568840.00
8485 8557585.88
8486 8554655.82
8487 8554896.00
8488 8543630.55
8489 8540700.80
8490 8540940.00
8491 8529663.21
8492 8526733.79
8493 8526972.00
8494 8515683.86
8495 8512754.77
8496 8512992.00
8497 8501692.49
8498 8498763.75
8499 8499000.00
8500 8487689.11
8501 8484760.72
8502 8484996.00
8503 8473673.72
8504 8470745.70
8505 8470980.00
8506 8459646.32
8507 8456718.67
8508 8456952.00
8509 8445606.90
8510 8442679.64
8511 8442912.00
8512 8431555.48
8513 8428628.61
8514 8428860.00
8515 8417492.04
8516 8414565.57
8517 8414796.00
8518 8403416.59
8519 8400490.54
8520 8400720.00
8521 8389329.13
8522 8386403.50
8523 8386632.00
8524 8375229.65
8525 8372304.46
8526 8372532.00
8527 8361118.16
8528 8358193.41
8529 8358420.00
8530 8346994.66
8531 8344070.37
8532 8344296.00
8533 8332859.15
8534 8329935.32
8535 8330160.00
8536 8318711.63
8537 8315788.27
8538 8316012.00
8539 8304552.09
8540 8301629.22
8541 8301852.00
8542 8290380.54
8543 8287458.17
8544 8287680.00
8545 8276196.98
8546 8273275.11
8547 8273496.00
8548 8262001.41
8549 8259080.05
8550 8259300.00
8551 8247793.83
8552 8244873.00
8553 8245092.00
8554 8233574.23
8555 8230653.93
8556 8230872.00
8557 8219342.62
8558 8216422.87
8559 8216640.00
8560 8205098.99
8561 8202179.80
8562 8202396.00
8563 8190843.36
8564 8187924.74
8565 8188140.00
8566 8176575.71
8567 8173657.67
8568 8173872.00
8569 8162296.05
8570 8159378.59
8571 8159592.00
8572 8148004.38
8573 8145087.52
8574 8145300.00
8575 8133700.69
8576 8130784.44
8577 8130996.00
8578 8119384.99
8579 8116469.36
8580 8116680.00
8581 8105057.28
8582 8102142.28
8583 8102352.00
8584 8090717.56
8585 8087803.20
8586 8088012.00
8587 8076365.82
8588 8073452.12
8589 8073660.00
8590 8062002.07
8591 8059089.03
8592 8059296.00
8593 8047626.31
8594 8044713.94
8595 8044920.00
8596 8033238.54
8597 8030326.85
8598 8030532.00
8599 8018838.75
8600 8015927.76
8601 8016132.00
8602 8004426.95
8603 8001516.66
8604 8001720.00
8605 7990003.14
8606 7987093.56
8607 7987296.00
8608 7975567.31
8609 7972658.46
8610 7972860.00
8611 7961119.47
8612 7958211.36
8613 7958412.00
8614 7946659.62
8615 7943752.26
8616 7943952.00
8617 7932187.75
8618 7929281.15
8619 7929480.00
8620 7917703.88
8621 7914798.04
8622 7914996.00
8623 7903207.98
8624 7900302.93
8625 7900500.00
8626 7888700.08
8627 7885795.82
8628 7885992.00
8629 7874180.16
8630 7871276.71
8631 7871472.00
8632 7859648.23
8633 7856745.59
8634 7856940.00
8635 7845104.29
8636 7842202.47
8637 7842396.00
8638 7830548.33
8639 7827647.35
8640 7827840.00
8641 7815980.36
8642 7813080.23
8643 7813272.00
8644 7801400.38
8645 7798501.11
8646 7798692.00
8647 7786808.38
8648 7783909.98
8649 7784100.00
8650 7772204.37
8651 7769306.85
8652 7769496.00
8653 7757588.35
8654 7754691.72
8655 7754880.00
8656 7742960.31
8657 7740064.59
8658 7740252.00
8659 7728320.26
8660 7725425.45
8661 7725612.00
8662 7713668.20
8663 7710774.32
8664 7710960.00
8665 7699004.12
8666 7696111.18
8667 7696296.00
8668 7684328.03
8669 7681436.04
8670 7681620.00
8671 7669639.93
8672 7666748.89
8673 7666932.00
8674 7654939.81
8675 7652049.75
8676 7652232.00
8677 7640227.68
8678 7637338.60
8679 7637520.00
8680 7625503.54
8681 7622615.45
8682 7622796.00
8683 7610767.38
8684 7607880.30
8685 7608060.00
8686 7596019.21
8687 7593133.14
8688 7593312.00
8689 7581259.02
8690 7578373.99
8691 7578552.00
8692 7566486.82
8693 7563602.83
8694 7563780.00
8695 7551702.61
8696 7548819.67
8697 7548996.00
8698 7536906.38
8699 7534024.51
8700 7534200.00
8701 7522098.14
8702 7519217.35
8703 7519392.00
8704 7507277.89
8705 7504398.18
8706 7504572.00
8707 7492445.62
8708 7489567.01
8709 7489740.00
8710 7477601.34
8711 7474723.84
8712 7474896.00
8713 7462745.04
8714 7459868.67
8715 7460040.00
8716 7447876.73
8717 7445001.49
8718 7445172.00
8719 7432996.41
8720 7430122.32
8721 7430292.00
8722 7418104.07
8723 7415231.14
8724 7415400.00
8725 7403199.72
8726 7400327.96
8727 7400496.00
8728 7388283.35
8729 7385412.78
8730 7385580.00
8731 7373354.97
8732 7370485.59
8733 7370652.00
8734 7358414.58
8735 7355546.41
8736 7355712.00
8737 7343462.17
8738 7340595.22
8739 7340760.00
8740 7328497.74
8741 7325632.03
8742 7325796.00
8743 7313521.31
8744 7310656.83
8745 7310820.00
8746 7298532.85
8747 7295669.64
8748 7295832.00
8749 7283532.39
8750 7280670.44
8751 7280832.00
8752 7268519.91
8753 7265659.24
8754 7265820.00
8755 7253495.41
8756 7250636.04
8757 7250796.00
8758 7238458.90
8759 7235600.84
8760 7235760.00
8761 7223410.38
8762 7220553.63
8763 7220712.00
8764 7208349.84
8765 7205494.43
8766 7205652.00
8767 7193277.29
8768 7190423.22
8769 7190580.00
8770 7178192.72
8771 7175340.00
8772 7175496.00
8773 7163096.14
8774 7160244.79
8775 7160400.00
8776 7147987.54
8777 7145137.58
8778 7145292.00
8779 7132866.93
8780 7130018.36
8781 7130172.00
8782 7117734.30
8783 7114887.14
8784 7115040.00
8785 7102589.66
8786 7099743.92
8787 7099896.00
8788 7087433.01
8789 7084588.69
8790 7084740.00
8791 7072264.34
8792 7069421.47
8793 7069572.00
8794 7057083.65
8795 7054242.24
8796 7054392.00
8797 7041890.95
8798 7039051.01
8799 7039200.00
8800 7026686.23
8801 7023847.78
8802 7023996.00
8803 7011469.50
8804 7008632.54
8805 7008780.00
8806 6996240.76
8807 6993405.31
8808 6993552.00
8809 6981000.00
8810 6978166.07
8811 6978312.00
8812 6965747.22
8813 6962914.83
8814 6963060.00
8815 6950482.43
8816 6947651.59
8817 6947796.00
8818 6935205.62
8819 6932376.34
8820 6932520.00
8821 6919916.80
8822 6917089.10
8823 6917232.00
8824 6904615.97
8825 6901789.85
8826 6901932.00
8827 6889303.11
8828 6886478.60
8829 6886620.00
8830 6873978.25
8831 6871155.35
8832 6871296.00
8833 6858641.36
8834 6855820.09
8835 6855960.00
8836 6843292.47
8837 6840472.84
8838 6840612.00
8839 6827931.55
8840 6825113.58
8841 6825252.00
8842 6812558.62
8843 6809742.32
8844 6809880.00
8845 6797173.68
8846 6794359.06
8847 6794496.00
8848 6781776.72
8849 6778963.79
8850 6779100.00
8851 6766367.74
8852 6763556.53
8853 6763692.00
8854 6750946.75
8855 6748137.26
8856 6748272.00
8857 6735513.74
8858 6732705.99
8859 6732840.00
8860 6720068.72
8861 6717262.71
8862 6717396.00
8863 6704611.68
8864 6701807.44
8865 6701940.00
8866 6689142.63
8867 6686340.16
8868 6686472.00
8869 6673661.56
8870 6670860.88
8871 6670992.00
8872 6658168.47
8873 6655369.60
8874 6655500.00
8875 6642663.37
8876 6639866.32
8877 6639996.00
8878 6627146.25
8879 6624351.04
8880 6624480.00
8881 6611617.12
8882 6608823.75
8883 6608952.00
8884 6596075.97
8885 6593284.46
8886 6593412.00
8887 6580522.80
8888 6577733.17
8889 6577860.00
8890 6564957.62
8891 6562169.88
8892 6562296.00
8893 6549380.42
8894 6546594.58
8895 6546720.00
8896 6533791.20
8897 6531007.28
8898 6531132.00
8899 6518189.97
8900 6515407.98
8901 6515532.00
8902 6502576.72
8903 6499796.68
8904 6499920.00
8905 6486951.46
8906 6484173.38
8907 6484296.00
8908 6471314.18
8909 6468538.08
8910 6468660.00
8911 6455664.88
8912 6452890.77
8913 6453012.00
8914 6440003.57
8915 6437231.46
8916 6437352.00
8917 6424330.24
8918 6421560.15
8919 6421680.00
8920 6408644.89
8921 6405876.84
8922 6405996.00
8923 6392947.53
8924 6390181.52
8925 6390300.00
8926 6377238.15
8927 6374474.20
8928 6374592.00
8929 6361516.75
8930 6358754.88
8931 6358872.00
8932 6345783.33
8933 6343023.56
8934 6343140.00
8935 6330037.90
8936 6327280.24
8937 6327396.00
8938 6314280.46
8939 6311524.91
8940 6311640.00
8941 6298510.99
8942 6295757.59
8943 6295872.00
8944 6282729.51
8945 6279978.26
8946 6280092.00
8947 6266936.01
8948 6264186.93
8949 6264300.00
8950 6251130.50
8951 6248383.59
8952 6248496.00
8953 6235312.96
8954 6232568.26
8955 6232680.00
8956 6219483.41
8957 6216740.92
8958 6216852.00
8959 6203641.85
8960 6200901.58
8961 6201012.00
8962 6187788.26
8963 6185050.24
8964 6185160.00
8965 6171922.66
8966 6169186.90
8967 6169296.00
8968 6156045.04
8969 6153311.55
8970 6153420.00
8971 6140155.40
8972 6137424.20
8973 6137532.00
8974 6124253.75
8975 6121524.86
8976 6121632.00
8977 6108340.08
8978 6105613.50
8979 6105720.00
8980 6092414.39
8981 6089690.15
8982 6089796.00
8983 6076476.68
8984 6073754.80
8985 6073860.00
8986 6060526.96
8987 6057807.44
8988 6057912.00
8989 6044565.21
8990 6041848.08
8991 6041952.00
8992 6028591.45
8993 6025876.72
8994 6025980.00
8995 6012605.67
8996 6009893.35
8997 6009996.00
8998 5996607.88
8999 5993897.99
9000 5994000.00
9001 5980598.06
9002 5977890.62
9003 5977992.00
9004 5964576.23
9005 5961871.25
9006 5961972.00
9007 5948542.38
9008 5945839.88
9009 5945940.00
9010 5932496.51
9011 5929796.51
9012 5929896.00
9013 5916438.63
9014 5913741.13
9015 5913840.00
9016 5900368.72
9017 5897673.75
9018 5897772.00
9019 5884286.80
9020 5881594.38
9021 5881692.00
9022 5868192.86
9023 5865502.99
9024 5865600.00
9025 5852086.90
9026 5849399.61
9027 5849496.00
9028 5835968.92
9029 5833284.23
9030 5833380.00
9031 5819838.92
9032 5817156.84
9033 5817252.00
9034 5803696.91
9035 5801017.45
9036 5801112.00
9037 5787542.88
9038 5784866.06
9039 5784960.00
9040 5771376.82
9041 5768702.66
9042 5768796.00
9043 5755198.75
9044 5752527.27
9045 5752620.00
9046 5739008.66
9047 5736339.87
9048 5736432.00
9049 5722806.55
9050 5720140.47
9051 5720232.00
9052 5706592.42
9053 5703929.07
9054 5704020.00
9055 5690366.28
9056 5687705.67
9057 5687796.00
9058 5674128.11
9059 5671470.26
9060 5671560.00
9061 5657877.93
9062 5655222.86
9063 5655312.00
9064 5641615.72
9065 5638963.45
9066 5639052.00
9067 5625341.50
9068 5622692.04
9069 5622780.00
9070 5609055.26
9071 5606408.62
9072 5606496.00
9073 5592756.99
9074 5590113.21
9075 5590200.00
9076 5576446.71
9077 5573805.79
9078 5573892.00
9079 5560124.41
9080 5557486.37
9081 5557572.00
9082 5543790.09
9083 5541154.95
9084 5541240.00
9085 5527443.75
9086 5524811.53
9087 5524896.00
9088 5511085.39
9089 5508456.10
9090 5508540.00
9091 5494715.01
9092 5492088.67
9093 5492172.00
9094 5478332.61
9095 5475709.25
9096 5475792.00
9097 5461938.19
9098 5459317.81
9099 5459400.00
9100 5445531.75
9101 5442914.38
9102 5442996.00
9103 5429113.29
9104 5426498.95
9105 5426580.00
9106 5412682.82
9107 5410071.51
9108 5410152.00
9109 5396240.32
9110 5393632.07
9111 5393712.00
9112 5379785.80
9113 5377180.63
9114 5377260.00
9115 5363319.26
9116 5360717.19
9117 5360796.00
9118 5346840.70
9119 5344241.74
9120 5344320.00
9121 5330350.12
9122 5327754.30
9123 5327832.00
9124 5313847.51
9125 5311254.85
9126 5311332.00
9127 5297332.89
9128 5294743.40
9129 5294820.00
9130 5280806.25
9131 5278219.94
9132 5278296.00
9133 5264267.59
9134 5261684.49
9135 5261760.00
9136 5247716.90
9137 5245137.03
9138 5245212.00
9139 5231154.20
9140 5228577.57
9141 5228652.00
9142 5214579.47
9143 5212006.11
9144 5212080.00
9145 5197992.73
9146 5195422.65
9147 5195496.00
9148 5181393.96
9149 5178827.19
9150 5178900.00
9151 5164783.17
9152 5162219.72
9153 5162292.00
9154 5148160.36
9155 5145600.25
9156 5145672.00
9157 5131525.53
9158 5128968.78
9159 5129040.00
9160 5114878.68
9161 5112325.31
9162 5112396.00
9163 5098219.80
9164 5095669.83
9165 5095740.00
9166 5081548.91
9167 5079002.36
9168 5079072.00
9169 5064865.99
9170 5062322.88
9171 5062392.00
9172 5048171.05
9173 5045631.40
9174 5045700.00
9175 5031464.09
9176 5028927.92
9177 5028996.00
9178 5014745.11
9179 5012212.43
9180 5012280.00
9181 4998014.11
9182 4995484.95
9183 4995552.00
9184 4981271.08
9185 4978745.46
9186 4978812.00
9187 4964516.03
9188 4961993.97
9189 4962060.00
9190 4947748.96
9191 4945230.48
9192 4945296.00
9193 4930969.87
9194 4928454.98
9195 4928520.00
9196 4914178.76
9197 4911667.49
9198 4911732.00
9199 4897375.62
9200 4894867.99
9201 4894932.00
9202 4880560.46
9203 4878056.49
9204 4878120.00
9205 4863733.28
9206 4861232.99
9207 4861296.00
9208 4846894.07
9209 4844397.48
9210 4844460.00
9211 4830042.84
9212 4827549.98
9213 4827612.00
9214 4813179.59
9215 4810690.47
9216 4810752.00
9217 4796304.32
9218 4793818.96
9219 4793880.00
9220 4779417.02
9221 4776935.45
9222 4776996.00
9223 4762517.71
9224 4760039.93
9225 4760100.00
9226 4745606.36
9227 4743132.42
9228 4743192.00
9229 4728683.00
9230 4726212.90
9231 4726272.00
9232 4711747.61
9233 4709281.38
9234 4709340.00
9235 4694800.20
9236 4692337.86
9237 4692396.00
9238 4677840.76
9239 4675382.34
9240 4675440.00
9241 4660869.30
9242 4658414.81
9243 4658472.00
9244 4643885.82
9245 4641435.29
9246 4641492.00
9247 4626890.31
9248 4624443.76
9249 4624500.00
9250 4609882.78
9251 4607440.23
9252 4607496.00
9253 4592863.22
9254 4590424.69
9255 4590480.00
9256 4575831.64
9257 4573397.16
9258 4573452.00
9259 4558788.04
9260 4556357.62
9261 4556412.00
9262 4541732.41
9263 4539306.08
9264 4539360.00
9265 4524664.76
9266 4522242.54
9267 4522296.00
9268 4507585.08
9269 4505167.00
9270 4505220.00
9271 4490493.38
9272 4488079.45
9273 4488132.00
9274 4473389.66
9275 4470979.91
9276 4471032.00
9277 4456273.91
9278 4453868.36
9279 4453920.00
9280 4439146.13
9281 4436744.81
9282 4436796.00
9283 4422006.33
9284 4419609.26
9285 4419660.00
9286 4404854.50
9287 4402461.70
9288 4402512.00
9289 4387690.65
9290 4385302.14
9291 4385352.00
9292 4370514.78
9293 4368130.59
9294 4368180.00
9295 4353326.88
9296 4350947.03
9297 4350996.00
9298 4336126.95
9299 4333751.46
9300 4333800.00
9301 4318915.00
9302 4316543.90
9303 4316592.00
9304 4301691.02
9305 4299324.33
9306 4299372.00
9307 4284455.01
9308 4282092.77
9309 4282140.00
9310 4267206.98
9311 4264849.20
9312 4264896.00
9313 4249946.93
9314 4247593.62
9315 4247640.00
9316 4232674.84
9317 4230326.05
9318 4230372.00
9319 4215390.73
9320 4213046.48
9321 4213092.00
9322 4198094.60
9323 4195754.90
9324 4195800.00
9325 4180786.44
9326 4178451.32
9327 4178496.00
9328 4163466.25
9329 4161135.74
9330 4161180.00
9331 4146134.03
9332 4143808.15
9333 4143852.00
9334 4128789.79
9335 4126468.57
9336 4126512.00
9337 4111433.52
9338 4109116.98
9339 4109160.00
9340 4094065.22
9341 4091753.39
9342 4091796.00
9343 4076684.90
9344 4074377.80
9345 4074420.00
9346 4059292.55
9347 4056990.21
9348 4057032.00
9349 4041888.17
9350 4039590.61
9351 4039632.00
9352 4024471.77
9353 4022179.02
9354 4022220.00
9355 4007043.33
9356 4004755.42
9357 4004796.00
9358 3989602.87
9359 3987319.82
9360 3987360.00
9361 3972150.38
9362 3969872.21
9363 3969912.00
9364 3954685.86
9365 3952412.61
9366 3952452.00
9367 3937209.31
9368 3934941.00
9369 3934980.00
9370 3919720.74
9371 3917457.39
9372 3917496.00
9373 3902220.14
9374 3899961.78
9375 3900000.00
9376 3884707.50
9377 3882454.17
9378 3882492.00
9379 3867182.84
9380 3864934.56
9381 3864972.00
9382 3849646.15
9383 3847402.94
9384 3847440.00
9385 3832097.43
9386 3829859.32
9387 3829896.00
9388 3814536.68
9389 3812303.70
9390 3812340.00
9391 3796963.91
9392 3794736.08
9393 3794772.00
9394 3779379.10
9395 3777156.46
9396 3777192.00
9397 3761782.26
9398 3759564.83
9399 3759600.00
9400 3744173.40
9401 3741961.21
9402 3741996.00
9403 3726552.50
9404 3724345.58
9405 3724380.00
9406 3708919.57
9407 3706717.94
9408 3706752.00
9409 3691274.61
9410 3689078.31
9411 3689112.00
9412 3673617.63
9413 3671426.68
9414 3671460.00
9415 3655948.61
9416 3653763.04
9417 3653796.00
9418 3638267.56
9419 3636087.40
9420 3636120.00
9421 3620574.48
9422 3618399.76
9423 3618432.00
9424 3602869.37
9425 3600700.12
9426 3600732.00
9427 3585152.22
9428 3582988.47
9429 3583020.00
9430 3567423.05
9431 3565264.82
9432 3565296.00
9433 3549681.84
9434 3547529.18
9435 3547560.00
9436 3531928.61
9437 3529781.53
9438 3529812.00
9439 3514163.34
9440 3512021.87
9441 3512052.00
9442 3496386.04
9443 3494250.22
9444 3494280.00
9445 3478596.70
9446 3476466.56
9447 3476496.00
9448 3460795.34
9449 3458670.90
9450 3458700.00
9451 3442981.94
9452 3440863.24
9453 3440892.00
9454 3425156.51
9455 3423043.58
9456 3423072.00
9457 3407319.04
9458 3405211.92
9459 3405240.00
9460 3389469.55
9461 3387368.25
9462 3387396.00
9463 3371608.01
9464 3369512.58
9465 3369540.00
9466 3353734.45
9467 3351644.92
9468 3351672.00
9469 3335848.85
9470 3333765.24
9471 3333792.00
9472 3317951.22
9473 3315873.57
9474 3315900.00
9475 3300041.55
9476 3297969.90
9477 3297996.00
9478 3282119.85
9479 3280054.22
9480 3280080.00
9481 3264186.12
9482 3262126.54
9483 3262152.00
9484 3246240.35
9485 3244186.86
9486 3244212.00
9487 3228282.55
9488 3226235.18
9489 3226260.00
9490 3210312.71
9491 3208271.49
9492 3208296.00
9493 3192330.83
9494 3190295.80
9495 3190320.00
9496 3174336.92
9497 3172308.12
9498 3172332.00
9499 3156330.98
9500 3154308.43
9501 3154332.00
9502 3138312.99
9503 3136296.73
9504 3136320.00
9505 3120282.98
9506 3118273.04
9507 3118296.00
9508 3102240.92
9509 3100237.34
9510 3100260.00
9511 3084186.83
9512 3082189.64
9513 3082212.00
9514 3066120.70
9515 3064129.94
9516 3064152.00
9517 3048042.54
9518 3046058.24
9519 3046080.00
9520 3029952.34
9521 3027974.54
9522 3027996.00
9523 3011850.10
9524 3009878.83
9525 3009900.00
9526 2993735.82
9527 2991771.13
9528 2991792.00
9529 2975609.50
9530 2973651.42
9531 2973672.00
9532 2957471.15
9533 2955519.71
9534 2955540.00
9535 2939320.76
9536 2937375.99
9537 2937396.00
9538 2921158.33
9539 2919220.28
9540 2919240.00
9541 2902983.86
9542 2901052.56
9543 2901072.00
9544 2884797.35
9545 2882872.84
9546 2882892.00
9547 2866598.80
9548 2864681.12
9549 2864700.00
9550 2848388.21
9551 2846477.40
9552 2846496.00
9553 2830165.58
9554 2828261.67
9555 2828280.00
9556 2811930.92
9557 2810033.95
9558 2810052.00
9559 2793684.21
9560 2791794.22
9561 2791812.00
9562 2775425.46
9563 2773542.49
9564 2773560.00
9565 2757154.67
9566 2755278.76
9567 2755296.00
9568 2738871.83
9569 2737003.02
9570 2737020.00
9571 2720576.96
9572 2718715.29
9573 2718732.00
9574 2702270.04
9575 2700415.55
9576 2700432.00
9577 2683951.09
9578 2682103.81
9579 2682120.00
9580 2665620.09
9581 2663780.07
9582 2663796.00
9583 2647277.04
9584 2645444.33
9585 2645460.00
9586 2628921.96
9587 2627096.58
9588 2627112.00
9589 2610554.83
9590 2608736.83
9591 2608752.00
9592 2592175.65
9593 2590365.09
9594 2590380.00
9595 2573784.43
9596 2571981.33
9597 2571996.00
9598 2555381.17
9599 2553585.58
9600 2553600.00
9601 2536965.86
9602 2535177.83
9603 2535192.00
9604 2518538.51
9605 2516758.07
9606 2516772.00
9607 2500099.11
9608 2498326.31
9609 2498340.00
9610 2481647.67
9611 2479882.55
9612 2479896.00
9613 2463184.18
9614 2461426.79
9615 2461440.00
9616 2444708.64
9617 2442959.03
9618 2442972.00
9619 2426221.06
9620 2424479.26
9621 2424492.00
9622 2407721.43
9623 2405987.49
9624 2406000.00
9625 2389209.75
9626 2387483.72
9627 2387496.00
9628 2370686.03
9629 2368967.95
9630 2368980.00
9631 2352150.25
9632 2350440.18
9633 2350452.00
9634 2333602.43
9635 2331900.40
9636 2331912.00
9637 2315042.56
9638 2313348.63
9639 2313360.00
9640 2296470.63
9641 2294784.85
9642 2294796.00
9643 2277886.66
9644 2276209.07
9645 2276220.00
9646 2259290.64
9647 2257621.29
9648 2257632.00
9649 2240682.57
9650 2239021.50
9651 2239032.00
9652 2222062.44
9653 2220409.71
9654 2220420.00
9655 2203430.27
9656 2201785.93
9657 2201796.00
9658 2184786.04
9659 2183150.14
9660 2183160.00
9661 2166129.76
9662 2164502.34
9663 2164512.00
9664 2147461.42
9665 2145842.55
9666 2145852.00
9667 2128781.03
9668 2127170.75
9669 2127180.00
9670 2110088.59
9671 2108486.96
9672 2108496.00
9673 2091384.10
9674 2089791.16
9675 2089800.00
9676 2072667.55
9677 2071083.36
9678 2071092.00
9679 2053938.94
9680 2052363.55
9681 2052372.00
9682 2035198.28
9683 2033631.75
9684 2033640.00
9685 2016445.56
9686 2014887.94
9687 2014896.00
9688 1997680.78
9689 1996132.13
9690 1996140.00
9691 1978903.94
9692 1977364.32
9693 1977372.00
9694 1960115.05
9695 1958584.51
9696 1958592.00
9697 1941314.10
9698 1939792.70
9699 1939800.00
9700 1922501.09
9701 1920988.88
9702 1920996.00
9703 1903676.02
9704 1902173.06
9705 1902180.00
9706 1884838.89
9707 1883345.24
9708 1883352.00
9709 1865989.69
9710 1864505.42
9711 1864512.00
9712 1847128.44
9713 1845653.60
9714 1845660.00
9715 1828255.12
9716 1826789.77
9717 1826796.00
9718 1809369.74
9719 1807913.95
9720 1807920.00
9721 1790472.30
9722 1789026.12
9723 1789032.00
9724 1771562.79
9725 1770126.29
9726 1770132.00
9727 1752641.22
9728 1751214.45
9729 1751220.00
9730 1733707.58
9731 1732290.62
9732 1732296.00
9733 1714761.87
9734 1713354.78
9735 1713360.00
9736 1695804.10
9737 1694406.94
9738 1694412.00
9739 1676834.25
9740 1675447.10
9741 1675452.00
9742 1657852.34
9743 1656475.26
9744 1656480.00
9745 1638858.36
9746 1637491.42
9747 1637496.00
9748 1619852.31
9749 1618495.57
9750 1618500.00
9751 1600834.19
9752 1599487.72
9753 1599492.00
9754 1581803.99
9755 1580467.87
9756 1580472.00
9757 1562761.73
9758 1561436.02
9759 1561440.00
9760 1543707.38
9761 1542392.17
9762 1542396.00
9763 1524640.97
9764 1523336.32
9765 1523340.00
9766 1505562.47
9767 1504268.46
9768 1504272.00
9769 1486471.90
9770 1485188.60
9771 1485192.00
9772 1467369.25
9773 1466096.74
9774 1466100.00
9775 1448254.53
9776 1446992.88
9777 1446996.00
9778 1429127.72
9779 1427877.01
9780 1427880.00
9781 1409988.83
9782 1408749.15
9783 1408752.00
9784 1390837.86
9785 1389609.28
9786 1389612.00
9787 1371674.81
9788 1370457.41
9789 1370460.00
9790 1352499.67
9791 1351293.54
9792 1351296.00
9793 1333312.45
9794 1332117.67
9795 1332120.00
9796 1314113.14
9797 1312929.79
9798 1312932.00
9799 1294901.74
9800 1293729.91
9801 1293732.00
9802 1275678.25
9803 1274518.03
9804 1274520.00
9805 1256442.67
9806 1255294.15
9807 1255296.00
9808 1237195.00
9809 1236058.27
9810 1236060.00
9811 1217935.23
9812 1216810.39
9813 1216812.00
9814 1198663.37
9815 1197550.50
9816 1197552.00
9817 1179379.41
9818 1178278.61
9819 1178280.00
9820 1160083.36
9821 1158994.72
9822 1158996.00
9823 1140775.20
9824 1139698.83
9825 1139700.00
9826 1121454.94
9827 1120390.94
9828 1120392.00
9829 1102122.58
9830 1101071.04
9831 1101072.00
9832 1082778.12
9833 1081739.15
9834 1081740.00
9835 1063421.54
9836 1062395.25
9837 1062396.00
9838 1044052.86
9839 1043039.35
9840 1043040.00
9841 1024672.07
9842 1023671.44
9843 1023672.00
9844 1005279.16
9845 1004291.54
9846 1004292.00
9847 985874.14
9848 984899.63
9849 984900.00
9850 966457.00
9851 965495.72
9852 965496.00
9853 947027.74
9854 946079.81
9855 946080.00
9856 927586.35
9857 926651.90
9858 926652.00
9859 908132.85
9860 907211.99
9861 907212.00
9862 888667.21
9863 887760.07
9864 887760.00
9865 869189.45
9866 868296.16
9867 868296.00
9868 849699.55
9869 848820.24
9870 848820.00
9871 830197.51
9872 829332.32
9873 829332.00
9874 810683.34
9875 809832.39
9876 809832.00
9877 791157.02
9878 790320.47
9879 790320.00
9880 771618.56
9881 770796.54
9882 770796.00
9883 752067.94
9884 751260.61
9885 751260.00
9886 732505.17
9887 731712.68
9888 731712.00
9889 712930.25
9890 712152.75
9891 712152.00
9892 693343.16
9893 692580.82
9894 692580.00
9895 673743.91
9896 672996.88
9897 672996.00
9898 654132.48
9899 653400.95
9900 653400.00
9901 634508.88
9902 633793.01
9903 633792.00
9904 614873.09
9905 614173.07
9906 614172.00
9907 595225.12
9908 594541.12
9909 594540.00
9910 575564.96
9911 574897.18
9912 574896.00
9913 555892.59
9914 555241.23
9915 555240.00
9916 536208.02
9917 535573.28
9918 535572.00
9919 516511.23
9920 515893.33
9921 515892.00
9922 496802.22
9923 496201.38
9924 496200.00
9925 477080.99
9926 476497.43
9927 476496.00
9928 457347.51
9929 456781.47
9930 456780.00
9931 437601.78
9932 437053.52
9933 437052.00
9934 417843.79
9935 417313.56
9936 417312.00
9937 398073.52
9938 397561.60
9939 397560.00
9940 378290.97
9941 377797.63
9942 377796.00
9943 358496.13
9944 358021.67
9945 358020.00
9946 338688.96
9947 338233.70
9948 338232.00
9949 318869.46
9950 318433.73
9951 318432.00
9952 299037.61
9953 298621.76
9954 298620.00
9955 279193.39
9956 278797.79
9957 278796.00
9958 259336.76
9959 258961.82
9960 258960.00
9961 239467.71
9962 239113.84
9963 239112.00
9964 219586.19
9965 219253.87
9966 219252.00
9967 199692.17
9968 199381.89
9969 199380.00
9970 179785.61
9971 179497.91
9972 179496.00
9973 159866.45
9974 159601.92
9975 159600.00
9976 139934.62
9977 139693.94
9978 139692.00
9979 119990.05
9980 119773.95
9981 119772.00
9982 100032.61
9983 99841.97
9984 99840.00
9985 80062.18
9986 79897.98
9987 79896.00
9988 60078.54
9989 59941.98
9990 59940.00
9991 40081.41
9992 39973.99
9993 39972.00
9994 20070.27
9995 19994.00
9996 19992.00
9997 44.14
9998 2.00
9999 0.00
Execution time: 2528.177 ms
